question,category,severity,data_accessibility,category_risk,strategic_impact,risk_score,error,raw_output
What are the applicable laws and regulations in those jurisdictions?,Legal and Compliance,4.0,3.0,2.0,1.0,1.5,,
What is the legal structure of the entity behind the digital asset?,Legal and Compliance,2.0,1.0,3.0,4.0,2.5,,
In which jurisdictions is the digital asset/cryptocurrency operating?,Legal and Compliance,2.0,1.0,4.0,3.0,2.36,,
Has the project obtained all necessary licenses and registrations?,Legal and Compliance,4.0,3.0,2.0,1.0,1.5,,
What are the legal rights and obligations of token holders?,Legal and Compliance,5.0,4.0,3.0,6.0,3.64,,
"How does the project comply with data privacy regulations (e.g., GDPR)?",Legal and Compliance,3.0,4.0,2.0,1.0,1.07,,
"What data is collected from users, and how is it stored and protected?",Legal and Compliance,6.0,7.0,5.0,4.0,3.21,,
What is the project's policy on data breaches and incident response?,Legal and Compliance,7.0,6.0,5.0,8.0,5.07,,
What is the project's revenue model and financial performance?,Financial,3.5,2.8,4.1,3.9,2.87,,
What is the token distribution and allocation?,Financial,6.0,8.0,4.0,5.0,3.21,,
What is the token's utility and value proposition?,Financial,2.5,4.8,3.1,4.2,2.19,,
What is the token's supply and demand dynamics?,Financial,2.0,5.0,3.0,4.0,1.93,,
Are there any risks of inflation or deflation?,Financial,7.0,8.0,9.0,6.0,4.93,,
What are the key financial risks associated with the digital asset?,Financial,6.0,4.0,5.0,3.0,3.29,,
How does the project manage volatility and market fluctuations?,Financial,6.0,8.0,5.0,4.0,3.07,,
What are the potential risks of fraud or market manipulation?,Financial,6.0,4.0,5.0,7.0,4.71,,
What blockchain technology is used?,Technical,5.0,2.0,4.0,1.0,2.36,,
What is the security of the blockchain network?,Technical,8.0,7.0,6.0,9.0,5.79,,
Has the blockchain been audited for vulnerabilities?,Auditability,7.0,8.0,5.0,9.0,5.14,,
Are smart contracts used?,Auditability,2.0,1.0,3.0,4.0,2.5,,
Have the smart contracts been audited for security and functionality?,Technical,8.0,6.0,4.0,2.0,3.0,,
What is the risk of smart contract bugs or exploits?,Technical,6.5,4.2,8.1,7.9,5.81,,
Has the project undergone penetration testing and security audits?,Technical,8.0,6.0,5.0,9.0,5.71,,
Are the private keys stored safely?,Technical,8.0,9.0,7.0,5.0,4.29,,
What are the procedures for recovering lost or stolen keys?,Technical,6.0,8.0,4.0,7.0,3.93,,
What is the team's track record?,Reputational and Strategic,6.0,8.0,5.0,7.0,4.14,,
Has the project obtained necessary licenses or approvals from regulatory bodies?,Legal and Compliance,7.0,5.0,6.0,8.0,5.43,,
Are there any restrictions or bans on the asset in specific jurisdictions?,Legal and Compliance,5.0,4.0,3.0,2.0,2.21,,
"How does the project handle data privacy and protection (e.g., GDPR compliance)?",Legal and Compliance,4.0,3.0,2.0,1.0,1.5,,
"Are there clear terms of service, disclaimers, and risk disclosures for users?",Legal and Compliance,4.0,3.0,2.0,1.0,1.5,,
Does the project have a legal opinion or whitepaper addressing its regulatory status?,Legal and Compliance,2.0,1.0,3.0,1.0,1.43,,
Is the community engaged and supportive of the project?,Reputational and Strategic,3.0,2.0,1.0,4.0,2.21,,
Are there any signs of manipulation or fake accounts inflating community metrics?,Reputational and Strategic,6.0,4.0,5.0,7.0,4.71,,
Does the project have a governance model that allows community participation?,Reputational and Strategic,2.0,1.0,3.0,4.0,2.5,,
"Are there any grants, incentives, or developer programs to grow the ecosystem?",Reputational and Strategic,2.0,1.0,1.0,3.0,1.71,,
Has the project undergone a financial audit?,Auditability,1.0,5.0,3.0,2.0,0.93,,
Are the project’s treasury and funds managed transparently?,Auditability,3.0,2.0,1.0,4.0,2.21,,
How are funds raised through token sales or investments being allocated?,Auditability,7.0,4.0,5.0,8.0,5.36,,
Are there any concerns about the project’s financial sustainability or runway?,Auditability,3.0,2.0,4.0,5.0,3.21,,
"What is the environmental impact of the cryptocurrency (e.g., energy consumption)?",Reputational and Strategic,4.0,3.0,2.0,5.0,2.93,,
Does the project promote social good or inclusivity?,Reputational and Strategic,1.5,2.0,3.0,4.0,2.21,,
Are there governance mechanisms in place to ensure fair decision-making?,Reputational and Strategic,3.0,2.0,1.0,4.0,2.21,,
How does the project address ethical concerns related to its operations?,Reputational and Strategic,6.0,7.0,5.0,8.0,4.64,,
Is the entity or project registered with any regulatory bodies?,Legal and Compliance,2.0,1.0,3.0,1.0,1.43,,
Is there a clear ownership structure for the project’s intellectual property?,Legal and Compliance,2.0,1.0,3.0,4.0,2.5,,
"Is the blockchain platform decentralized, or is it permissioned?",Technical,5.0,4.0,3.0,2.0,2.21,,
What security measures are in place to prevent hacks or breaches?,Technical,7.0,8.0,6.0,9.0,5.36,,
Are there bug bounty programs to encourage reporting vulnerabilities?,Technical,4.0,3.0,2.0,1.0,1.5,,
What is the current throughput (transactions per second)?,Technical,4.0,3.0,2.0,5.0,2.93,,
How does the platform handle scalability issues during periods of high usage?,Technical,6.0,8.0,7.0,9.0,5.29,,
What are the plans for upgrades or improvements to the technical stack?,Technical,6.0,4.0,5.0,7.0,4.71,,
"How many tokens are in circulation, and what is the total supply?",Financial,3.0,4.0,2.0,1.0,1.07,,
Are there any existing partnerships or business agreements driving revenue?,Financial,2.0,1.0,3.0,4.0,2.5,,
"How are raised funds stored (e.g., cold wallets, multi-signature wallets)?",Financial,3.0,2.0,4.0,5.0,3.21,,
What is the burn or inflation rate of the token?,Financial,3.0,2.0,4.0,1.0,1.79,,
Does the project have any known community advocates or influencers?,Reputational and Strategic,2.0,1.0,3.0,2.0,1.79,,
Does the project provide guidance or support for tax reporting?,Legal and Compliance,3.0,2.0,1.0,4.0,2.21,,
Have the smart contracts been audited by reputable third parties?,Technical,8.0,9.0,6.0,7.0,4.79,,
Are the audit reports publicly accessible for review?,Technical,3.0,1.0,2.0,1.0,1.5,,
What are the project's current and projected revenue streams?,Financial,3.0,2.0,1.0,4.0,2.21,,
How does the project plan to achieve financial sustainability?,Financial,7.0,8.0,6.0,9.0,5.36,,
What are the primary use cases for the token within the project's ecosystem?,Financial,5.0,6.0,4.0,3.0,2.5,,
Is there a clear demand for the token that supports its value proposition?,Financial,3.0,2.0,1.5,4.0,2.32,,
Is there an active developer community contributing to the project's growth?,Reputational and Strategic,3.0,2.0,4.0,5.0,3.21,,
What is the general sentiment of the community towards the project?,Reputational and Strategic,3.0,2.0,1.5,4.0,2.32,,
"Are there channels for users to provide feedback, and how is it addressed?",Reputational and Strategic,2.0,1.0,3.0,2.0,1.79,,
"Does the project have a clear legal structure (e.g., foundation, corporation, DAO)?",Legal and Compliance,3.0,2.0,1.0,4.0,2.21,,
Are there any tax implications for holding or transacting with the asset?,Legal and Compliance,6.0,5.0,4.0,7.0,4.36,,
How does the project handle cross-border transactions and regulatory differences?,Legal and Compliance,4.0,3.0,2.0,5.0,2.93,,
Are there any restrictions on the transfer or ownership of the asset?,Legal and Compliance,4.0,2.0,3.0,5.0,3.29,,
Are there any pending or potential legislative changes that could impact the asset?,Legal and Compliance,4.0,3.0,2.0,5.0,2.93,,
How does the project manage inflation or deflation of the token?,Financial,6.0,5.0,7.0,4.0,3.93,,
How does the project handle community disputes or disagreements?,Reputational and Strategic,2.0,1.0,3.0,4.0,2.5,,
Are there any incentives for developers to build on the platform?,Reputational and Strategic,4.0,3.0,2.0,5.0,2.93,,
How does the project onboard new users or developers?,Reputational and Strategic,2.0,1.0,3.0,4.0,2.5,,
Are there any educational resources or documentation for the community?,Reputational and Strategic,2.0,1.0,3.0,4.0,2.5,,
How does the project handle negative feedback or criticism from the community?,Reputational and Strategic,2.0,1.0,3.0,4.0,2.5,,
Are there any signs of insider trading or market manipulation?,Financial,6.0,5.0,4.0,3.0,2.93,,
Are there regular financial reports or updates for investors?,Auditability,2.0,1.0,1.0,3.0,1.71,,
How does the project manage its treasury or reserve funds?,Auditability,4.0,5.0,3.0,2.0,1.79,,
Are there any concerns about misallocation or misuse of funds?,Auditability,2.0,1.0,3.0,4.0,2.5,,
Does the project have a clear budget or financial plan for the next 1-3 years?,Auditability,2.0,1.0,3.0,1.0,1.43,,
Are there any risks of insolvency or running out of funds?,Auditability,6.0,8.0,5.0,7.0,4.14,,
Does the project have a sustainability plan to reduce its environmental impact?,Reputational and Strategic,3.0,2.0,1.0,4.0,2.21,,
How does the project contribute to social causes or communities?,Reputational and Strategic,2.0,1.0,3.0,4.0,2.5,,
How does the project ensure diversity and inclusion within its team and community?,Reputational and Strategic,2.0,1.0,3.0,4.0,2.5,,
Are there any ethical concerns related to the project’s operations or goals?,Reputational and Strategic,2.5,1.8,3.9,4.2,2.79,,
Who owns the intellectual property (IP) related to the project's technology?,Legal and Compliance,4.0,3.0,2.0,1.0,1.5,,
What are the on chain analysis tools that they utilize to track illicit funds?,Legal and Compliance,7.0,8.0,9.0,6.0,4.93,,
How are liabilities handled within the DAO structure?,Legal and Compliance,6.0,4.0,5.0,3.0,3.29,,
What are the legal implications of the DAO's governance model?,Legal and Compliance,6.0,4.0,5.0,7.0,4.71,,
Are there any mechanisms for burning or repurchasing tokens?,Financial,2.0,1.0,3.0,4.0,2.5,,
What is the token's velocity and circulation?,Financial,3.0,2.0,1.0,4.0,2.21,,
How are the funds raised during token sales being used?,Financial,7.0,5.0,4.0,6.0,4.29,,
What stress testing has been conducted on the project's financial model?,Financial,6.0,8.0,5.0,4.0,3.07,,
What is the projects treasury management strategy?,Financial,4.0,3.0,2.0,5.0,2.93,,
Which accounting standards are being used?,Financial,2.0,4.0,3.0,1.0,1.0,,
"Who are the auditors, and what is their reputation in the digital asset space?",Financial,2.0,3.0,1.0,4.0,1.79,,
Are there regular proof of reserve audits?,Financial,3.0,1.0,2.0,4.0,2.57,,
What specific cryptographic algorithms are used?,Technical,5.0,2.0,3.0,4.0,3.21,,
What is the project's approach to key management and security?,Technical,6.0,8.0,7.0,9.0,5.29,,
Are there any known vulnerabilities in the underlying blockchain protocol?,Technical,6.0,3.0,4.0,5.0,3.93,,
What is the process for updating and patching the blockchain?,Technical,7.0,6.0,8.0,9.0,6.07,,
Has there been any previous exploits of the smart contract?,Technical,7.0,5.0,8.0,3.0,4.07,,
Are there any signs of malicious code or backdoors?,Technical,6.0,4.0,5.0,3.0,3.29,,
What is the communities involvement in the open source project?,Technical,2.0,1.0,3.0,4.0,2.5,,
How frequently are financial reports published?,Auditability,2.0,1.0,3.0,4.0,2.5,,
In how many jurisdictions has the project ensured regulatory compliance?,Legal and Compliance,1.5,2.0,3.0,4.0,2.21,,
Are there export controls or restrictions for certain countries?,Legal and Compliance,3.0,2.0,4.0,1.0,1.79,,
Are IP rights secured in major markets where the project intends to operate?,Legal and Compliance,3.0,2.0,4.0,1.0,1.79,,
"What development methodology does the team follow (e.g., Agile, DevOps)?",Technical,2.0,1.0,3.0,4.0,2.5,,
"Are there regular updates to the codebase, and is there a public roadmap?",Technical,4.0,5.0,3.0,4.0,2.5,,
What is the project's uptime percentage over the past year?,Technical,2.5,1.8,3.4,2.1,1.94,,
Are there automated systems for monitoring and recovering from outages?,Technical,8.0,5.0,7.0,9.0,6.29,,
"What were the sources of funding (e.g., ICO, private sales, venture capital)?",Financial,2.0,1.0,3.0,4.0,2.5,,
What safeguards are in place to prevent misuse of funds?,Financial,6.0,7.0,5.0,8.0,4.64,,
Are there any mechanisms for token buybacks or burns to regulate supply?,Financial,2.0,1.0,3.0,4.0,2.5,,
"How transparent are these policies, and how often are they executed?",Financial,6.0,7.0,5.0,8.0,4.64,,
How does the project plan to adapt to potential regulatory changes?,Legal and Compliance,6.0,5.0,3.0,7.0,4.14,,
Are there influential figures or ambassadors actively promoting the project?,Reputational and Strategic,2.0,1.0,3.0,4.0,2.5,,
What incentives are in place for advocates to remain engaged?,Reputational and Strategic,2.0,1.0,1.0,3.0,1.71,,
"Are there rewards for validators, miners, or liquidity providers?",Reputational and Strategic,2.0,1.0,3.0,4.0,2.5,,
How sustainable are these rewards over the long term?,Reputational and Strategic,2.0,4.0,3.0,1.0,1.0,,
Are there clear guides or resources to onboard new users or developers?,Reputational and Strategic,6.0,7.0,5.0,4.0,3.21,,
How does the project handle technical support for users?,Reputational and Strategic,2.0,1.0,1.5,3.0,1.82,,
Are there any concerns about the project’s compliance with sanctions or embargoes?,Legal and Compliance,4.0,3.0,2.0,1.0,1.5,,
How does the project handle community governance or decision-making?,Reputational and Strategic,2.0,1.0,3.0,4.0,2.5,,
Are there any risks of community fragmentation or infighting?,Reputational and Strategic,4.0,2.0,3.0,5.0,3.29,,
How does the project plan to grow its ecosystem of developers and users?,Reputational and Strategic,5.0,4.0,3.0,7.0,4.0,,
Are there any risks of the community losing trust in the project?,Reputational and Strategic,7.0,6.0,5.0,8.0,5.07,,
"How does the project handle negative sentiment or FUD (fear, uncertainty, doubt)?",Reputational and Strategic,4.0,2.0,3.0,5.0,3.29,,
Are there any plans to incentivize community contributions or participation?,Reputational and Strategic,2.0,1.0,3.0,4.0,2.5,,
How does the project handle investor relations or communication?,Auditability,2.0,1.0,3.0,4.0,2.5,,
Are there any risks of the project running out of funding or going bankrupt?,Auditability,5.0,4.0,6.0,3.0,3.21,,
How does the project plan to allocate funds raised from token sales or investments?,Auditability,5.0,8.0,3.0,7.0,3.43,,
Does the project have a plan to offset its carbon footprint or environmental impact?,Reputational and Strategic,2.0,1.0,3.0,4.0,2.5,,
How does the protocol address the risks of impermanent loss and liquidation?,Legal and Compliance,4.0,2.0,3.0,5.0,3.29,,
How does the project address the risks of counterfeit NFTs?,Legal and Compliance,7.0,4.0,8.0,6.0,5.29,,
What are the legal implications of fractionalized NFTs?,Legal and Compliance,7.0,5.0,6.0,8.0,5.43,,
What on-chain metrics are used to assess the health of the project's network?,Financial,3.0,2.0,1.0,4.0,2.21,,
What are the risks of cascading liquidations in the protocol?,Financial,6.0,4.0,8.0,7.0,5.36,,
What are the risks of oracle failures?,Financial,7.0,5.0,8.0,9.0,6.21,,
"Are the stablecoins fully backed by reserves, and are those reserves audited?",Financial,7.0,8.0,9.0,5.0,4.57,,
What are the de-pegging risks?,Financial,8.0,5.0,7.0,9.0,6.29,,
What valuation models are being used to assess the project's worth?,Financial,6.0,4.0,5.0,3.0,3.29,,
What is the scope and depth of the formal verification process?,Technical,8.0,6.0,4.0,7.0,4.79,,
What measures are being taken to mitigate those risks?,Technical,8.0,6.0,7.0,5.0,4.71,,
How robust are the project’s KYC/AML processes?,Legal and Compliance,7.0,8.0,6.0,5.0,3.93,,
How does the project handle regulatory inquiries or subpoenas?,Legal and Compliance,6.0,8.0,4.0,5.0,3.21,,
Are there potential infringement risks due to similarities with other projects?,Legal and Compliance,6.0,4.0,5.0,7.0,4.71,,
What encryption methods are used to secure transactions and data?,Technical,8.0,9.0,7.0,6.0,4.64,,
What incentives are offered to ethical hackers or auditors?,Technical,6.0,4.0,5.0,3.0,3.29,,
Are there plans to expand interoperability with other DeFi ecosystems?,Technical,4.0,2.0,3.0,5.0,3.29,,
How does the project generate revenue outside of token sales?,Financial,2.0,4.0,1.0,3.0,1.29,,
Are there clear projections for future revenue growth?,Financial,2.0,1.0,3.0,4.0,2.5,,
How are pre-mined or reserved tokens allocated?,Financial,5.0,7.0,8.0,4.0,3.57,,
Are vesting schedules for team members and investors strictly enforced?,Financial,6.0,7.0,8.0,5.0,4.21,,
Does the project provide liquidity pools on decentralized exchanges (DEXs)?,Financial,2.0,1.0,3.0,2.0,1.79,,
What are the annual percentage yields (APYs) for liquidity providers?,Financial,3.5,4.2,1.8,2.1,1.54,,
How responsive is the team to user feedback and concerns?,Reputational and Strategic,2.0,1.0,3.0,4.0,2.5,,
How distributed is the network?,Reputational and Strategic,2.5,1.8,3.2,4.0,2.57,,
How many third-party developers are actively building on the platform?,Reputational and Strategic,3.0,2.0,1.0,4.0,2.21,,
Are there incentives or grants for developers to contribute to the ecosystem?,Reputational and Strategic,2.0,1.0,3.0,4.0,2.5,,
How does the company ensure compliance with these standards?,Legal and Compliance,7.0,9.0,5.0,8.0,4.64,,
"In which jurisdictions do you operate and how do you ensure compliance with local regulations (e.g. SEC, MiCA, FATF)?",Legal and Compliance,4.0,3.0,2.0,1.0,1.5,,
Are you licensed as a VASP or MSB?,Legal and Compliance,5.0,8.0,7.0,9.0,5.0,,
Describe your AML/CFT procedures. How do you verify user identities and monitor suspicious transactions?,Legal and Compliance,7.0,9.0,6.0,8.0,4.86,,
How do you comply with GDPR or CCPA for data collection/storage?,Legal and Compliance,8.0,9.0,7.0,5.0,4.29,,
"Has your token been evaluated for classification as a security? If not ,why ?",Legal and Compliance,6.0,5.0,4.0,3.0,2.93,,
"How does the project handle tax reporting for users (e.g. capital gains, staking rewards)? Do you provide tools for tax tracking?",Legal and Compliance,3.0,2.0,1.0,4.0,2.21,,
"If the project involves stablecoins, how are reserves managed? Are they audited for 1:1 backing?",Legal and Compliance,6.0,4.0,5.0,3.0,3.29,,
"What is your contingency plan if a major jurisdiction bans your token/NFT (e.g., China, India)?",Legal and Compliance,7.0,5.0,8.0,9.0,6.21,,
"How do you monitor and adapt to evolving regulations (e.g., EU’s DORA, US state-level crypto laws)?",Legal and Compliance,7.0,5.0,6.0,8.0,5.43,,
"Do you comply with data sovereignty laws (e.g., storing user data in specific regions)?",Legal and Compliance,7.0,8.0,6.0,9.0,5.36,,
Are there mechanisms for employees/contractors to report compliance violations anonymously?,Legal and Compliance,2.0,1.0,3.0,1.0,1.43,,
"If a DeFi protocol, how do you address compliance with regulations like the EU’s Travel Rule?",Legal and Compliance,7.0,5.0,6.0,8.0,5.43,,
Why was this blockchain chosen? Is it a fork or new protocol?,Technical,2.0,1.0,3.0,4.0,2.5,,
Provide third-party audit reports for smart contracts. Were critical vulnerabilities addressed?,Technical,8.0,7.0,9.0,5.0,5.0,,
How are protocol upgrades executed? Is there a timelock or multi-sig?,Technical,2.0,1.0,3.0,4.0,2.5,,
"What is the TPS capacity, and how are fees managed during congestion?",Technical,6.0,8.0,5.0,7.0,4.14,,
What percentage of nodes/validators are controlled by the team or insiders?,Technical,7.0,5.0,8.0,6.0,5.14,,
"Does the project rely on centralized APIs, oracles, or third-party services (e.g., AWS)?",Technical,5.0,3.0,4.0,2.0,2.57,,
"Is the blockchain’s cryptographic algorithm quantum-resistant (e.g., lattice-based)?",Technical,3.0,2.0,4.0,5.0,3.21,,
How are admin/private keys secured? Is there a dead man’s switch for emergency access?,Technical,6.0,4.0,5.0,7.0,4.71,,
How does the protocol mitigate front-running or sandwich attacks (MEV)?,Technical,6.0,7.0,5.0,8.0,4.64,,
"If bridging assets, how are bridge vulnerabilities managed (e.g., Wormhole exploit)?",Technical,6.0,3.0,5.0,4.0,3.79,,
"If AI is part of the project, how are bias, data privacy, and code integrity ensured?",Technical,2.5,4.0,3.7,1.8,1.58,,
"If using ZK tech (e.g., zk-SNARKs), how are trusted setups managed?",Technical,2.0,1.0,3.0,2.0,1.79,,
How is the project’s website/app secured against DNS hijacking or phishing attacks?,Technical,6.0,5.0,7.0,4.0,3.93,,
"Can smart contracts be frozen? Who controls this function, and under what conditions?",Technical,7.0,5.0,6.0,8.0,5.43,,
"Are liquidity pool tokens locked (e.g., via Unicrypt)? For how long?",Technical,6.0,5.0,4.0,3.0,2.93,,
"Is the token supply fixed, inflationary, or deflationary? How is inflation managed?",Financial,5.0,8.0,6.0,4.0,3.0,,
How does the project generate revenue? What % of fees are burned/distributed?,Financial,2.5,1.0,3.0,1.8,1.86,,
How are project funds stored? Are multi-sig wallets used?,Financial,5.0,3.0,4.0,2.0,2.57,,
Are insider/advisor tokens subject to vesting? What triggers accelerated unlocks?,Financial,3.0,2.0,1.0,4.0,2.21,,
Is there a deflationary mechanism? How is burn transparency ensured?,Financial,3.0,4.0,2.0,1.0,1.07,,
"How would the project manage a contentious fork (e.g., community splits)?",Financial,3.0,2.0,4.0,5.0,3.21,,
"Are rewards for liquidity providers sustainable, or could they lead to hyperinflation?",Financial,6.0,4.0,5.0,7.0,4.71,,
What percentage of tokens are held by the top 10 wallets? Could they manipulate markets?,Financial,30.0,10.0,20.0,40.0,25.71,,
Do you use algorithmic market makers? Are there clauses to prevent wash trading?,Financial,6.0,8.0,5.0,7.0,4.14,,
"If liquidity pools use stablecoins, how is depegging risk mitigated?",Financial,3.0,1.0,2.0,4.0,2.57,,
"How are airdrops structured to avoid regulatory scrutiny (e.g., unregistered securities)?",Financial,4.0,3.0,2.0,5.0,2.93,,
"Does token price directly fund operations, creating a death spiral if prices crash?",Financial,6.0,4.0,8.0,5.0,4.64,,
"If a PoS chain, what conditions trigger slashing, and how are validators insured?",Financial,6.0,4.0,5.0,3.0,3.29,,
"How do you prevent oracle failures (e.g., price feed exploits) from draining funds?",Financial,6.0,7.0,5.0,8.0,4.64,,
On which exchanges is the token listed? How deep is the liquidity?,Financial,2.0,4.0,1.0,3.0,1.29,,
How are funds secured with third-party custodians/exchanges?,Financial,6.0,8.0,5.0,7.0,4.14,,
"Is liquidity locked in non-custodial contracts (e.g., Team Finance)? For how long?",Financial,6.0,4.0,5.0,3.0,3.29,,
Do liquidity pools use multiple stablecoins to mitigate single-stablecoin depegs?,Financial,4.0,3.0,2.0,5.0,2.93,,
"How are third-party custodians (e.g., Fireblocks, Copper) audited for security?",Financial,6.0,8.0,4.0,5.0,3.21,,
"Can governments or third parties censor transactions (e.g., Tornado Cash)?",Reputational and Strategic,7.0,8.0,6.0,9.0,5.36,,
"How do you onboard non-crypto-native users (e.g., fiat ramps, UX simplicity)?",Reputational and Strategic,3.0,2.0,1.0,4.0,2.21,,
"For gaming/NFT projects, are there limits on spending or playtime to prevent addiction?",Reputational and Strategic,4.0,3.0,2.0,5.0,2.93,,
"Can you share real-time metrics (e.g., active users, transaction volume, retention rates)?",Auditability,2.0,4.0,3.0,1.0,1.0,,
Are GitHub repositories public? How frequently are commits/updates made?,Auditability,4.0,5.0,3.0,2.0,1.79,,
"Does the whitepaper omit technical/economic details, or make unrealistic assumptions?",Auditability,6.0,4.0,3.0,2.0,2.5,,
"How often are whitepapers, FAQs, and GitHub docs updated?",Auditability,2.0,1.0,3.0,4.0,2.5,,
"Can you share testnet participation metrics (e.g., validators, transaction volume)?",Auditability,2.0,5.0,3.0,4.0,1.93,,
"Have independent researchers (e.g., universities) peer-reviewed your protocol?",Auditability,2.0,1.0,3.0,2.0,1.79,,
"How is your token/NFT classified (utility, security, payment, etc.)? What legal analysis supports this classification?",Legal and Compliance,4.0,2.0,3.0,5.0,3.29,,
"If deemed a security, how do you comply with registration, disclosure, or exemption requirements (e.g., Reg D, SAFT)?",Legal and Compliance,7.0,3.0,6.0,8.0,5.71,,
Which third-party firms audited your code? Are audits public? How are vulnerabilities patched post-deployment?,Technical,7.0,6.0,5.0,8.0,5.07,,
"Is the project sufficiently decentralized to mitigate regulatory risks (e.g., avoiding 'common enterprise' claims)?",Technical,6.0,5.0,7.0,8.0,5.36,,
How do you ensure compliance when interacting with other blockchains or bridges?,Technical,7.0,8.0,5.0,9.0,5.14,,
"How do you assist users with tax reporting (e.g., issuing 1099s)? What is the token's tax treatment in key jurisdictions?",Legal and Compliance,2.0,1.0,3.0,4.0,2.5,,
"How do you ensure marketing claims (ROI, partnerships) are substantiated? Do you prohibit influencers from making unverified statements?",Reputational and Strategic,6.0,4.0,5.0,7.0,4.71,,
"Have you faced regulatory inquiries, hacks, or fraud? How were they resolved?",Reputational and Strategic,4.0,3.0,2.0,1.0,1.5,,
"If offering staking/yield, how do you ensure it isn't classified as a security (e.g., Howey Test analysis)?",Financial,6.0,4.0,5.0,3.0,3.29,,
How do you educate users to avoid phishing? Do you monitor for counterfeit sites/social media?,Cybersecurity,2.0,1.0,3.0,4.0,2.5,,
"How do you restrict access in jurisdictions where your project is prohibited (e.g., Iran, North Korea)?",Legal and Compliance,7.0,8.0,9.0,6.0,4.93,,
"Do you hold licenses for regulated activities (e.g., VASP, MTF) in jurisdictions where you operate?",Legal and Compliance,2.0,1.0,3.0,4.0,2.5,,
"How do you handle VAT, GST, or other taxes for users in jurisdictions with crypto tax regimes?",Legal and Compliance,4.0,3.0,5.0,2.0,2.5,,
"Who controls admin keys or backdoors? How are they secured (e.g., multi-sig, time locks)?",Technical,8.0,7.0,9.0,6.0,5.36,,
"Can transactions be halted? Under what circumstances, and who authorizes this?",Technical,3.5,4.0,2.8,1.9,1.71,,
How will you adapt to upcoming regulations like the EU's MiCA or the U.S. Executive Order on crypto?,Legal and Compliance,7.0,5.0,8.0,9.0,6.21,,
What if a major jurisdiction bans your project? How would you pivot or wind down?,Legal and Compliance,7.0,5.0,8.0,9.0,6.21,,
"Do core team members use hardware wallets, multi-factor authentication, or undergo phishing training?",Cybersecurity,2.0,3.0,1.0,4.0,1.79,,
"Does your blockchain/protocol have quantum-resistant cryptography (e.g., lattice-based algorithms)?",Cybersecurity,6.0,5.0,8.0,7.0,5.21,,
"What contingency plans exist if quantum computing breaks existing encryption standards (e.g., ECDSA)?",Cybersecurity,8.0,6.0,7.0,9.0,6.14,,
"If PoW-based, do you purchase carbon offsets or use renewable energy? Are claims verified by third parties?",Reputational and Strategic,2.0,1.0,3.0,2.0,1.79,,
"How do you align with ESG (Environmental, Social, Governance) frameworks for institutional investors?",Reputational and Strategic,3.0,2.0,4.0,5.0,3.21,,
How does your protocol mitigate miner extractable value (MEV) or bot front-running in DeFi transactions?,Cybersecurity,8.0,6.0,7.0,9.0,6.14,,
"How are algorithmic stablecoins stress-tested against hyperinflation or 'death spirals' (e.g., TerraUSD collapse)?",Financial,8.0,6.0,9.0,7.0,5.86,,
"Are there circuit breakers or stabilization mechanisms (e.g., arbitrage incentives) to maintain the peg?",Financial,6.0,8.0,7.0,5.0,3.86,,
How many independent oracles feed data to your protocol? What happens if a majority are compromised?,Technical,6.0,4.0,7.0,5.0,4.43,,
"Are oracle data sources decentralized (e.g., Chainlink) or centralized (e.g., Binance API)?",Technical,1.0,2.0,3.0,4.0,2.07,,
"Which jurisdiction's courts govern disputes (e.g., Switzerland, Singapore)? Are binding arbitration clauses included?",Legal and Compliance,5.0,3.0,4.0,2.0,2.57,,
How do you ensure compliance with labor laws for remote team members or contractors across jurisdictions?,Legal and Compliance,4.0,3.0,2.0,5.0,2.93,,
"Do marketing materials comply with jurisdiction-specific ad laws (e.g., UK's CAP Code, FTC guidelines)?",Legal and Compliance,5.0,4.0,3.0,2.0,2.21,,
"If custodial, do you publish Proof-of-Reserves audits? How frequently, and by whom?",Auditability,4.0,3.0,2.0,1.0,1.5,,
"Are user funds co-mingled, or held in segregated accounts?",Auditability,6.0,8.0,5.0,7.0,4.14,,
"How do you ensure compliance and security when operating on Layer 2s or sidechains (e.g., Polygon, Arbitrum)?",Technical,7.0,9.0,8.0,6.0,4.57,,
Are bridges between Layer 1 and Layer 2 audited for centralization risks?,Technical,6.0,4.0,5.0,7.0,4.71,,
"What is your protocol for public communication during crises (e.g., hacks, regulatory crackdowns)?",Reputational and Strategic,6.0,5.0,7.0,8.0,5.36,,
"If using ZK-proofs (e.g., zkRollups), how do you balance privacy with regulators' demands for auditability?",Technical,7.0,5.0,8.0,6.0,5.14,,
Is any code forked from other projects? How are licensing/attribution requirements met?,Technical,2.0,1.0,3.0,2.0,1.79,,
"In which jurisdictions do you operate, and under which regulatory bodies are you registered?",Legal and Compliance,5.0,4.0,3.0,2.0,2.21,,
"Have you obtained legal opinions confirming your project does not violate securities laws (e.g., Howey Test analysis)?",Legal and Compliance,8.0,5.0,7.0,9.0,6.29,,
"Are you integrated with blockchain analytics tools (e.g., Chainalysis)?",Legal and Compliance,2.0,1.0,3.0,1.0,1.43,,
"How do you ensure tax reporting (e.g., FATCA, IRS Form 1099)?",Legal and Compliance,4.0,3.0,2.0,5.0,2.93,,
"How do you block users from OFAC-sanctioned countries (e.g., Iran, North Korea)?",Legal and Compliance,4.0,3.0,2.0,1.0,1.5,,
"Are decentralized features (e.g., DEX swaps) geofenced? If so, how?",Legal and Compliance,6.0,7.0,8.0,5.0,4.21,,
Do non-resident users trigger FBAR or CRS reporting obligations?,Legal and Compliance,7.0,5.0,6.0,4.0,4.0,,
Have smart contracts undergone third-party audits? Provide reports.,Technical,8.0,9.0,5.0,6.0,4.21,,
Is there a kill switch or upgrade mechanism for exploits?,Technical,4.0,3.0,2.0,1.0,1.5,,
"Do you have insurance coverage for digital assets (e.g., custodial breaches)?",Technical,5.0,3.0,4.0,2.0,2.57,,
"If using oracles (e.g., Chainlink), how is data integrity ensured?",Technical,2.0,3.0,1.0,4.0,1.79,,
"Does the project depend on centralized APIs (e.g., AWS) that could disrupt service?",Technical,4.0,3.0,5.0,2.0,2.5,,
Is the team's wallet activity auditable on-chain?,Technical,2.0,1.0,3.0,4.0,2.5,,
Is the whitepaper/technical documentation audited for accuracy?,Auditability,3.0,2.0,1.0,4.0,2.21,,
"Are promotional claims (e.g., ROI, partnerships) substantiated?",Auditability,7.0,5.0,8.0,6.0,5.14,,
Do influencers disclose paid promotions per regulations?,Auditability,4.0,2.0,3.0,5.0,3.29,,
"Are reported metrics (user counts, TVL) independently verifiable?",Auditability,6.0,4.0,5.0,3.0,3.29,,
How is 'wash trading' prevented in NFT marketplaces?,Auditability,6.0,4.0,5.0,3.0,3.29,,
Are staking/yield mechanisms compliant with interest-bearing regulations?,Legal and Compliance,6.0,8.0,5.0,7.0,4.14,,
How are rewards taxed for users?,Legal and Compliance,2.0,1.0,3.0,4.0,2.5,,
"What percentage of energy sources are renewable? Are there carbon offset initiatives, and how are they audited?",Reputational and Strategic,20.0,15.0,30.0,35.0,22.5,,
How does the project address e-waste from mining hardware or node infrastructure?,Reputational and Strategic,5.0,3.0,4.0,2.0,2.57,,
"Are there commitments to transition to greener technologies (e.g., Ethereum's shift to PoS)? Include timelines and accountability measures.",Reputational and Strategic,2.0,1.0,3.0,4.0,2.5,,
"How does the project's roadmap align with global climate goals (e.g., Paris Agreement)?",Reputational and Strategic,5.0,4.0,6.0,3.0,3.21,,
"Beyond e-waste, how are raw materials (e.g., semiconductors, rare earth metals) sourced for mining/node hardware? Are supply chains audited for conflict minerals or unethical mining practices?",Reputational and Strategic,6.0,3.0,5.0,8.0,5.21,,
Does the project account for water consumption and land-use impacts of data centers or mining farms?,Reputational and Strategic,3.0,1.0,2.0,4.0,2.57,,
"If the project relies on layer-2 solutions or cross-chain interoperability, what is the environmental footprint of the underlying blockchain (e.g., Bitcoin/Ethereum)?",Reputational and Strategic,7.0,5.0,6.0,8.0,5.43,,
"Are decentralized storage solutions (e.g., IPFS, Filecoin) used for NFTs energy-efficient?",Reputational and Strategic,4.0,3.0,2.0,5.0,2.93,,
How does the project ensure accessibility for unbanked/underbanked populations? Does it risk exacerbating financial exclusion?,Reputational and Strategic,4.0,3.0,5.0,2.0,2.5,,
"What safeguards exist to protect users from volatility, fraud, or scams (e.g., rug pulls)?",Reputational and Strategic,6.0,5.0,7.0,8.0,5.36,,
"Describe the diversity (gender, ethnicity, geography) of the core team and advisory boards.",Reputational and Strategic,5.0,3.0,2.0,4.0,2.86,,
How are marginalized or disproportionately affected communities engaged in decision-making?,Reputational and Strategic,6.0,8.0,7.0,9.0,5.29,,
"Does the project audit hardware/mining partners for conflict minerals (e.g., cobalt, tantalum)?",Reputational and Strategic,3.0,2.0,1.0,4.0,2.21,,
Are there measures to prevent exploitative labor practices in mining or development?,Reputational and Strategic,4.0,3.0,2.0,5.0,2.93,,
"For NFT projects: How are intellectual property rights verified to prevent cultural appropriation, art theft, or misuse of sensitive content (e.g., indigenous art, personal data)?",Reputational and Strategic,8.0,7.0,9.0,6.0,5.36,,
"Does the project address potential mental health harms from speculative trading (e.g., gambling-like mechanics, FOMO-driven NFT drops)?",Reputational and Strategic,8.0,4.0,9.0,7.0,6.14,,
"Are there systemic biases in participation (e.g., high gas fees excluding low-income users, geographic restrictions on access)?",Reputational and Strategic,6.0,8.0,7.0,5.0,3.86,,
"How does the project mitigate risks of algorithmic discrimination in AI-driven features (e.g., generative NFT algorithms)?",Reputational and Strategic,6.0,5.0,4.0,7.0,4.36,,
"What protocols exist to support users during market crashes, hacks, or scams? Is there a compensation fund or insurance mechanism?",Reputational and Strategic,6.0,5.0,7.0,8.0,5.36,,
"How does the project address potential social unrest caused by wealth concentration (e.g., 'whales' manipulating markets)?",Reputational and Strategic,6.0,4.0,5.0,7.0,4.71,,
"Does the project solve a tangible problem (e.g., carbon credit tokenization, DAOs for climate action) or exist purely for speculation?",Reputational and Strategic,6.0,3.0,5.0,7.0,4.86,,
"Are there partnerships with NGOs, governments, or academia to amplify real-world impact?",Reputational and Strategic,2.0,1.0,3.0,4.0,2.5,,
"If the code is open-source, how does the project prevent malicious forks or misuse by bad actors?",Reputational and Strategic,3.0,2.0,4.0,5.0,3.21,,
Are there historical issues or case studies associated with aml  kyc & compliance?,Legal and Compliance,7.0,5.0,8.0,6.0,5.14,,
Has the project published disclosures related to aml  kyc & compliance?,Legal and Compliance,2.0,1.0,3.0,2.0,1.79,,
Is there regulatory guidance applicable to aml  kyc & compliance?,Legal and Compliance,2.0,3.0,1.0,4.0,1.79,,
How do global standards or laws impact aml  kyc & compliance policies?,Legal and Compliance,7.0,6.0,5.0,8.0,5.07,,
How does the team respond to issues arising in aml  kyc & compliance?,Legal and Compliance,4.0,5.0,3.0,2.0,1.79,,
Are stakeholders involved in decisions about aml  kyc & compliance?,Legal and Compliance,2.0,1.0,3.0,4.0,2.5,,
What are the best practices followed in the domain of aml  kyc & compliance?,Legal and Compliance,6.0,4.0,5.0,7.0,4.71,,
To what extent does aml  kyc & compliance influence investor confidence?,Legal and Compliance,6.0,4.0,5.0,8.0,5.07,,
Are third-party evaluations available for aml  kyc & compliance?,Legal and Compliance,3.0,4.0,2.0,1.0,1.07,,
How are risks within aml  kyc & compliance identified and mitigated?,Legal and Compliance,8.0,7.0,6.0,9.0,5.79,,
What technologies or protocols are used to handle aml  kyc & compliance?,Legal and Compliance,2.5,1.0,3.0,4.0,2.64,,
Who is responsible for overseeing aml  kyc & compliance in the project?,Legal and Compliance,4.0,3.0,2.0,5.0,2.93,,
What transparency measures are in place for aml  kyc & compliance?,Legal and Compliance,7.0,8.0,6.0,5.0,3.93,,
What benchmarks are used to evaluate aml  kyc & compliance success?,Legal and Compliance,6.5,8.2,4.1,7.9,4.39,,
What red flags should be monitored in terms of aml  kyc & compliance?,Legal and Compliance,7.0,6.0,5.0,8.0,5.07,,
How frequently are aml  kyc & compliance controls audited or reviewed?,Legal and Compliance,8.0,6.0,4.0,7.0,4.79,,
How is performance in aml  kyc & compliance tracked and reported?,Legal and Compliance,7.0,8.0,6.0,9.0,5.36,,
What technologies or protocols are used to handle custody & asset security?,Cybersecurity,7.0,6.0,8.0,5.0,4.64,,
Are third-party evaluations available for custody & asset security?,Cybersecurity,4.0,5.0,3.0,2.0,1.79,,
What benchmarks are used to evaluate custody & asset security success?,Cybersecurity,4.0,3.0,2.0,5.0,2.93,,
How are risks within custody & asset security identified and mitigated?,Cybersecurity,8.0,6.0,4.0,7.0,4.79,,
To what extent does custody & asset security influence investor confidence?,Cybersecurity,7.0,8.0,6.0,9.0,5.36,,
Who is responsible for overseeing custody & asset security in the project?,Cybersecurity,3.0,2.0,1.0,4.0,2.21,,
What are the best practices followed in the domain of custody & asset security?,Cybersecurity,7.0,8.0,6.0,9.0,5.36,,
What red flags should be monitored in terms of custody & asset security?,Cybersecurity,7.0,5.0,4.0,6.0,4.29,,
How does the team respond to issues arising in custody & asset security?,Cybersecurity,7.0,5.0,8.0,6.0,5.14,,
How is performance in custody & asset security tracked and reported?,Cybersecurity,6.0,4.0,5.0,7.0,4.71,,
What transparency measures are in place for custody & asset security?,Cybersecurity,6.0,4.0,5.0,7.0,4.71,,
How frequently are custody & asset security controls audited or reviewed?,Cybersecurity,6.0,4.0,5.0,7.0,4.71,,
Are stakeholders involved in decisions about custody & asset security?,Cybersecurity,6.0,5.0,4.0,3.0,2.93,,
Has the project published disclosures related to custody & asset security?,Cybersecurity,3.0,2.0,1.0,4.0,2.21,,
Is there regulatory guidance applicable to custody & asset security?,Cybersecurity,6.0,8.0,4.0,7.0,3.93,,
How do global standards or laws impact custody & asset security policies?,Cybersecurity,6.0,4.0,5.0,8.0,5.07,,
Is there regulatory guidance applicable to cybersecurity & risk management?,Cybersecurity,8.0,6.0,7.0,9.0,6.14,,
What benchmarks are used to evaluate cybersecurity & risk management success?,Cybersecurity,7.2,6.1,8.5,9.4,6.36,,
To what extent does cybersecurity & risk management influence investor confidence?,Cybersecurity,7.0,5.0,8.0,9.0,6.21,,
Are stakeholders involved in decisions about cybersecurity & risk management?,Cybersecurity,6.0,4.0,5.0,3.0,3.29,,
How frequently are cybersecurity & risk management controls audited or reviewed?,Cybersecurity,7.0,5.0,8.0,6.0,5.14,,
How do global standards or laws impact cybersecurity & risk management policies?,Cybersecurity,4.0,3.0,5.0,6.0,3.93,,
Who is responsible for overseeing cybersecurity & risk management in the project?,Cybersecurity,3.0,2.0,1.0,4.0,2.21,,
How are risks within cybersecurity & risk management identified and mitigated?,Cybersecurity,4.0,2.0,3.0,5.0,3.29,,
Are third-party evaluations available for cybersecurity & risk management?,Cybersecurity,6.0,4.0,3.0,5.0,3.57,,
What are the best practices followed in the domain of cybersecurity & risk management?,Cybersecurity,8.5,9.2,7.1,8.8,5.78,,
Has the project published disclosures related to cybersecurity & risk management?,Cybersecurity,6.0,8.0,5.0,7.0,4.14,,
How is performance in cybersecurity & risk management tracked and reported?,Cybersecurity,8.0,7.0,9.0,6.0,5.36,,
What technologies or protocols are used to handle cybersecurity & risk management?,Cybersecurity,6.0,4.0,3.0,5.0,3.57,,
What transparency measures are in place for cybersecurity & risk management?,Cybersecurity,7.0,9.0,8.0,6.0,4.57,,
What red flags should be monitored in terms of cybersecurity & risk management?,Cybersecurity,7.0,5.0,6.0,8.0,5.43,,
How does the team respond to issues arising in cybersecurity & risk management?,Cybersecurity,8.0,6.0,7.0,9.0,6.14,,
Are third-party evaluations available for governance & disclosures?,Cybersecurity,2.0,1.0,3.0,4.0,2.5,,
What benchmarks are used to evaluate reputational and strategic success?,Reputational and Strategic,2.5,1.8,3.2,4.1,2.61,,
What technologies or protocols are used to handle reputational and strategic?,Reputational and Strategic,5.0,3.0,4.0,6.0,4.0,,
How are risks within reputational and strategic identified and mitigated?,Reputational and Strategic,7.0,8.0,6.0,9.0,5.36,,
How is performance in reputational and strategic tracked and reported?,Reputational and Strategic,6.0,4.0,3.0,7.0,4.29,,
Who is responsible for overseeing reputational and strategic in the project?,Reputational and Strategic,4.0,3.0,2.0,5.0,2.93,,
Are stakeholders involved in decisions about reputational and strategic?,Reputational and Strategic,6.0,8.0,4.0,5.0,3.21,,
Are third-party evaluations available for reputational and strategic?,Reputational and Strategic,6.0,5.0,3.0,7.0,4.14,,
How does the team respond to issues arising in reputational and strategic?,Reputational and Strategic,3.0,2.0,4.0,5.0,3.21,,
Is there regulatory guidance applicable to reputational and strategic?,Reputational and Strategic,6.0,4.0,5.0,7.0,4.71,,
What red flags should be monitored in terms of reputational and strategic?,Reputational and Strategic,6.0,4.0,5.0,7.0,4.71,,
What transparency measures are in place for reputational and strategic?,Reputational and Strategic,6.0,4.0,5.0,7.0,4.71,,
How frequently are reputational and strategic controls audited or reviewed?,Reputational and Strategic,4.0,2.0,3.0,5.0,3.29,,
To what extent does reputational and strategic influence investor confidence?,Reputational and Strategic,7.0,3.0,5.0,8.0,5.5,,
How do global standards or laws impact reputational and strategic policies?,Reputational and Strategic,3.0,2.0,4.0,5.0,3.21,,
What are the best practices followed in the domain of reputational and strategic?,Reputational and Strategic,6.0,4.0,3.0,5.0,3.57,,
Are third-party evaluations available for smart contract & protocol risks?,Technical,8.0,7.0,9.0,6.0,5.36,,
Are stakeholders involved in decisions about smart contract & protocol risks?,Technical,6.0,7.0,8.0,5.0,4.21,,
How does the team respond to issues arising in smart contract & protocol risks?,Technical,8.0,6.0,7.0,9.0,6.14,,
How are risks within smart contract & protocol risks identified and mitigated?,Technical,7.0,8.0,6.0,9.0,5.36,,
Has the project published disclosures related to smart contract & protocol risks?,Technical,8.0,9.0,7.0,6.0,4.64,,
Is there regulatory guidance applicable to smart contract & protocol risks?,Technical,8.0,6.0,7.0,9.0,6.14,,
What technologies or protocols are used to handle smart contract & protocol risks?,Technical,7.0,6.0,5.0,8.0,5.07,,
Who is responsible for overseeing smart contract & protocol risks in the project?,Technical,8.0,5.0,7.0,9.0,6.29,,
How is performance in smart contract & protocol risks tracked and reported?,Technical,8.0,9.0,7.0,6.0,4.64,,
How do global standards or laws impact smart contract & protocol risks policies?,Technical,7.0,5.0,8.0,6.0,5.14,,
What transparency measures are in place for smart contract & protocol risks?,Technical,8.0,7.0,9.0,6.0,5.36,,
To what extent does smart contract & protocol risks influence investor confidence?,Technical,6.0,4.0,5.0,7.0,4.71,,
How frequently are smart contract & protocol risks controls audited or reviewed?,Technical,4.0,3.0,2.0,1.0,1.5,,
What are the best practices followed in the domain of smart contract & protocol risks?,Technical,7.0,8.0,6.0,9.0,5.36,,
What red flags should be monitored in terms of smart contract & protocol risks?,Technical,7.0,4.0,6.0,5.0,4.5,,
What benchmarks are used to evaluate smart contract & protocol risks success?,Technical,7.5,8.2,6.9,8.1,5.34,,
Are third-party evaluations available for technical integrity?,Auditability,3.0,2.0,1.0,4.0,2.21,,
Are third-party evaluations available for valuation & verification?,Financial,3.0,2.0,1.0,4.0,2.21,,
To what extent does valuation & verification influence investor confidence?,Financial,7.0,5.0,4.0,8.0,5.0,,
How do global standards or laws impact valuation & verification policies?,Financial,4.0,3.0,2.0,5.0,2.93,,
What are the best practices followed in the domain of valuation & verification?,Financial,7.5,8.2,6.9,9.1,5.7,,
How does the team respond to issues arising in valuation & verification?,Financial,2.0,1.0,3.0,4.0,2.5,,
Is there regulatory guidance applicable to valuation & verification?,Financial,7.0,5.0,6.0,4.0,4.0,,
What transparency measures are in place for valuation & verification?,Financial,6.0,8.0,4.0,7.0,3.93,,
What technologies or protocols are used to handle valuation & verification?,Financial,7.0,4.0,5.0,6.0,4.64,,
Who is responsible for overseeing valuation & verification in the project?,Financial,7.0,4.0,5.0,8.0,5.36,,
How frequently are valuation & verification controls audited or reviewed?,Financial,8.0,7.0,9.0,6.0,5.36,,
Are stakeholders involved in decisions about valuation & verification?,Financial,6.0,4.0,5.0,7.0,4.71,,
What red flags should be monitored in terms of valuation & verification?,Financial,7.0,4.0,5.0,6.0,4.64,,
Has the project published disclosures related to valuation & verification?,Financial,8.0,9.0,7.0,6.0,4.64,,
How are risks within valuation & verification identified and mitigated?,Financial,7.0,5.0,6.0,8.0,5.43,,
How is performance in valuation & verification tracked and reported?,Financial,6.5,8.2,4.8,7.1,4.25,,
What benchmarks are used to evaluate valuation & verification success?,Financial,7.0,8.0,6.0,9.0,5.36,,
"Are there any known affiliations with past failed, fraudulent, or controversial projects?",Reputational and Strategic,7.0,4.0,6.0,5.0,4.5,,
"Is the team fully doxxed, and are background checks available or verified?",Reputational and Strategic,6.0,8.0,7.0,5.0,3.86,,
"What environmental impact does the projects blockchain have (e.g., energy consumption, carbon footprint)?",Reputational and Strategic,3.5,2.8,4.1,2.9,2.51,,
Does the project follow ESG best practices and report on sustainability efforts?,Reputational and Strategic,7.0,5.0,8.0,6.0,5.14,,
Are there initiatives supporting social inclusion or ethical governance?,Reputational and Strategic,2.0,1.0,3.0,4.0,2.5,,
Do the founders or team members maintain transparency in online and real-world identity?,Reputational and Strategic,2.0,3.0,1.5,4.0,1.89,,
Have any team members been subject to legal action or regulatory scrutiny?,Reputational and Strategic,4.0,3.0,5.0,2.0,2.5,,
"Are the advisors truly involved, or are they added for marketing clout only?",Reputational and Strategic,7.0,6.0,8.0,5.0,4.64,,
Is there a conflict of interest between the project and its investors or backers?,Reputational and Strategic,6.0,4.0,5.0,7.0,4.71,,
Has the project conducted any formal ESG assessments or audits?,Reputational and Strategic,6.0,5.0,4.0,3.0,2.93,,
Does the governance framework encourage inclusivity and community voice?,Reputational and Strategic,4.0,5.0,3.0,6.0,3.21,,
Are there commitments or donations to environmental or social initiatives?,Reputational and Strategic,2.0,1.0,3.0,2.0,1.79,,
Are there any whistleblower protections or ethics guidelines for internal actors?,Reputational and Strategic,2.0,1.0,3.0,2.0,1.79,,
Has a legal opinion been issued regarding whether the token is a security?,Legal and Compliance,8.0,5.0,7.0,9.0,6.29,,
Has the project been reviewed using frameworks like the Howey Test or MiCA?,Legal and Compliance,2.0,1.0,3.0,0.0,1.07,,
Are there any risks of future classification changes by regulators?,Legal and Compliance,3.0,2.0,4.0,5.0,3.21,,
Does the project comply with AML/KYC standards in all active jurisdictions?,Legal and Compliance,8.0,9.0,7.0,6.0,4.64,,
Are there systems in place for regulatory reporting and audits?,Legal and Compliance,3.0,2.0,1.0,4.0,2.21,,
How does the entity stay updated with evolving crypto legislation?,Legal and Compliance,7.0,5.0,8.0,6.0,5.14,,
Are any team members or wallets linked to previous illicit activity?,Legal and Compliance,7.0,5.0,8.0,6.0,5.14,,
What on-chain analytics tools are used to detect and prevent criminal behavior?,Legal and Compliance,7.0,8.0,6.0,9.0,5.36,,
Has the project ever been flagged or investigated by a regulatory body?,Legal and Compliance,4.0,2.0,3.0,1.0,1.86,,
Has the token been flagged or banned in any jurisdictions?,Legal and Compliance,6.0,3.0,4.0,2.0,2.86,,
"Is the token accessible in countries with restrictive securities laws (e.g., USA, China)?",Legal and Compliance,6.0,8.0,5.0,4.0,3.07,,
Are there disclosures in place for users regarding investment risks?,Legal and Compliance,7.0,5.0,4.0,3.0,3.21,,
Has the project received any informal guidance from regulators?,Legal and Compliance,2.0,3.0,1.0,4.0,1.79,,
Are there regular compliance audits or reports published?,Legal and Compliance,2.0,3.0,1.0,4.0,1.79,,
"Is a Chief Compliance Officer (CCO) appointed, or is compliance outsourced?",Legal and Compliance,4.0,3.0,2.0,1.0,1.5,,
Does the protocol geo-block certain regions to comply with local laws?,Legal and Compliance,3.0,1.0,2.0,4.0,2.57,,
How are sanctions-screened addresses or high-risk users handled?,Legal and Compliance,2.0,1.0,3.0,4.0,2.5,,
"What partnerships exist with compliance providers (e.g., Chainalysis, TRM Labs)?",Legal and Compliance,6.0,8.0,4.0,7.0,3.93,,
Has the projects token ever been used in darknet or sanctioned activities?,Legal and Compliance,8.0,5.0,6.0,4.0,4.29,,
"Are there KYC thresholds for transaction amounts, or is KYC mandatory?",Legal and Compliance,7.0,5.0,6.0,8.0,5.43,,
Has the project engaged law enforcement in past incidents?,Legal and Compliance,,,,,,Expecting property name enclosed in double quotes: line 3 column 20 (char 39),"Here is the analysis in the Legal and Compliance domain:

{
  ""aggregates"": {
    ""severity"": 3, // Medium severity risk
    ""data_accessibility"": 2, // Somewhat accessible information available
    ""category_risk"": 4, // High category risk (Legal and Compliance)
    ""strategic_impact"": 1 // Low strategic impact (no significant legal consequences)
  }
}"
What cybersecurity frameworks and best practices are implemented?,Cybersecurity,8.0,7.0,9.0,6.0,5.36,,
Has the system undergone penetration testing or received a security certification?,Cybersecurity,8.0,6.0,7.0,5.0,4.71,,
"How are critical assets and user funds protected against hacks, including key management?",Cybersecurity,7.0,8.0,9.0,6.0,4.93,,
Are private keys stored via HSMs (hardware security modules) or other enterprise-grade tools?,Cybersecurity,8.0,9.0,5.0,7.0,4.57,,
What protocols are in place for admin key compromise or unauthorized access?,Cybersecurity,6.0,4.0,5.0,3.0,3.29,,
Is multi-factor authentication enforced for sensitive system access?,Cybersecurity,4.0,3.0,2.0,5.0,2.93,,
How quickly does the team patch zero-day vulnerabilities or exploits?,Cybersecurity,8.0,6.0,9.0,5.0,5.14,,
Have financial and technical audits been conducted by reputable third parties?,Auditability,8.0,9.0,7.0,6.0,4.64,,
Are audit results publicly disclosed and updated regularly?,Auditability,2.0,1.0,3.0,2.0,1.79,,
"Is ownership of code, IP, and token distribution clearly verifiable and traceable?",Auditability,2.0,1.0,3.0,4.0,2.5,,
"What audit firms have been engaged, and what were their findings?",Auditability,2.0,1.0,3.0,4.0,2.5,,
Is there a historical record of audits over multiple versions/releases?,Auditability,2.0,1.0,3.0,4.0,2.5,,
Is IP ownership centralized or distributed among DAO or contributors?,Auditability,3.0,2.0,1.0,4.0,2.21,,
"Who is responsible for securing private keys, and what is their background and experience?",Cybersecurity,4.0,3.0,5.0,2.0,2.5,,
"Are private keys secured using HSMs, MPC, or air-gapped cold storage?",Cybersecurity,8.0,9.0,7.0,6.0,4.64,,
"Has the custodian provided a Type II SOC report on controls, and are exceptions disclosed?",Cybersecurity,3.0,2.0,4.0,1.0,1.79,,
"What is the process for private key access, and does it require dual control or multi-factor authentication?",Cybersecurity,6.0,4.0,5.0,3.0,3.29,,
Does the custodian support proof-of-existence or auditability for wallets on demand?,Cybersecurity,6.0,4.0,5.0,3.0,3.29,,
"For self-custody: are internal policies and segregated infrastructure in place, and are controls independently verified?",Cybersecurity,6.0,5.0,7.0,4.0,3.93,,
"Does the protocol utilize proxy patterns, and are upgrade mechanisms secured and transparent?",Technical,6.0,5.0,4.0,3.0,2.93,,
Have there been flash loan or oracle exploits on this protocol or similar ones in the ecosystem?,Technical,7.0,5.0,6.0,4.0,4.0,,
Are contracts covered by formal verification or continuous security fuzzing?,Technical,8.0,7.0,9.0,6.0,5.36,,
"Are on-chain AML analytics tools (e.g., TRM Labs, Chainalysis) used for monitoring wallet behavior?",Legal and Compliance,6.0,8.0,5.0,7.0,4.14,,
Is there a process to screen for sanctioned wallets or high-risk counterparties?,Legal and Compliance,8.0,6.0,7.0,5.0,4.71,,
"Does the platform support privacy-preserving KYC (e.g., zero-knowledge proofs)?",Legal and Compliance,3.0,2.0,1.0,4.0,2.21,,
Are AML/KYC policies aligned with FATF Travel Rule requirements?,Legal and Compliance,3.0,2.0,1.0,4.0,2.21,,
How often is staff trained on evolving AML compliance risks?,Legal and Compliance,7.0,8.0,6.0,9.0,5.36,,
Are assets priced using time-weighted average from multiple exchanges?,Financial,4.0,3.0,2.0,1.0,1.5,,
"How are illiquid assets valued, and who signs off on methodology?",Financial,6.0,4.0,5.0,3.0,3.29,,
Are wallet addresses independently verified by fund administrators?,Financial,3.0,2.0,1.0,4.0,2.21,,
"How frequently is the fund’s NAV calculated, and are there deviation logs for exceptions?",Financial,2.0,1.0,3.0,1.0,1.43,,
Is there a roadmap for future compliance in new jurisdictions?,Legal and Compliance,7.0,5.0,6.0,8.0,5.43,,
Have the terms of use or whitepaper been legally vetted for investor disclosures?,Legal and Compliance,4.0,2.0,3.0,1.0,1.86,,
Is there a clear distinction between utility and investment functions of the token?,Legal and Compliance,3.0,2.0,4.0,1.0,1.79,,
Has the project implemented data privacy policies in line with GDPR or other laws?,Legal and Compliance,3.0,2.0,1.0,4.0,2.21,,
What is the incident response time target for security breaches?,Cybersecurity,7.0,4.0,6.0,8.0,5.57,,
Are there anomaly detection systems in place for network activity?,Cybersecurity,4.0,3.0,2.0,1.0,1.5,,
Has the protocol been subjected to red teaming or adversarial testing?,Cybersecurity,7.0,6.0,8.0,5.0,4.64,,
What role do validators or miners play in protocol-level security checks?,Cybersecurity,2.0,1.0,3.0,4.0,2.5,,
"Who is the digital asset custodian, and is it a third party or self-custody setup?",Cybersecurity,2.0,1.0,3.0,4.0,2.5,,
"How are private keys stored—air-gapped, HSM, or MPC-based infrastructure?",Cybersecurity,8.0,6.0,9.0,7.0,5.86,,
Does the custodian offer verifiable proof-of-reserves?,Cybersecurity,7.0,5.0,8.0,9.0,6.21,,
"In cases of self-custody, what controls ensure exclusive access to private keys?",Cybersecurity,3.0,2.0,1.0,4.0,2.21,,
Are wallet addresses segregated and attributable per investor?,Cybersecurity,4.0,2.0,3.0,1.0,1.86,,
"Is the project aligned with MiCA, FATF, and national frameworks (e.g., SEC, CFTC, MAS)?",Legal and Compliance,8.0,9.0,6.0,5.0,4.07,,
Are Travel Rule compliance mechanisms in place for transfers above set thresholds?,Legal and Compliance,5.0,8.0,6.0,4.0,3.0,,
"What sandbox programs (e.g., HKMA, EU DLT Pilot Regime) has the project participated in?",Legal and Compliance,2.0,1.0,3.0,4.0,2.5,,
How does the entity classify tokens under securities law across jurisdictions?,Legal and Compliance,4.0,2.0,3.0,5.0,3.29,,
Has the issuer published mandatory whitepapers as per MiCA or local equivalents?,Legal and Compliance,4.0,2.0,3.0,1.0,1.86,,
"Are the founders and executives publicly identifiable, and do they have any history of controversies or regulatory violations?",Reputational and Strategic,3.0,2.0,4.0,1.0,1.79,,
"Is there a succession plan for key individuals, and how does the project mitigate key-person risk?",Reputational and Strategic,2.0,1.0,3.0,4.0,2.5,,
"Have there been any significant changes in the leadership team recently, and how were these communicated to stakeholders?",Reputational and Strategic,2.0,1.0,3.0,4.0,2.5,,
"How is the entity structured legally (e.g., foundation, corporation, DAO), and is this structure transparent and adequately documented?",Reputational and Strategic,5.0,3.0,4.0,2.0,2.57,,
"Are there any outstanding legal disputes, regulatory investigations, or credible allegations against the team or the entity?",Reputational and Strategic,7.0,9.0,5.0,6.0,3.93,,
How does the project handle accountability and public communication if a senior member is implicated in misconduct?,Reputational and Strategic,4.0,2.0,3.0,5.0,3.29,,
"Is there a publicly available ESG report or sustainability roadmap, and what metrics are used to track performance?",Reputational and Strategic,2.0,1.0,3.0,4.0,2.5,,
"How does the consensus mechanism (e.g., Proof-of-Work, Proof-of-Stake) impact the project's overall environmental footprint?",Reputational and Strategic,6.0,8.0,5.0,4.0,3.07,,
"What community or social initiatives does the project support or participate in, and how are they funded?",Reputational and Strategic,3.0,2.0,1.0,4.0,2.21,,
"Have any known ESG concerns been identified, and how is the team working to address or mitigate them?",Reputational and Strategic,6.0,4.0,5.0,7.0,4.71,,
Does the project have policies ensuring fair labour practices and diversity among its team and validators/miners (if applicable)?,Reputational and Strategic,4.0,1.0,3.0,5.0,3.43,,
Are there governance mechanisms to allow stakeholder input into environmental or social impact decisions?,Reputational and Strategic,2.0,3.0,1.0,4.0,1.79,,
How does the project integrate ESG considerations into its long-term strategic planning and reporting?,Reputational and Strategic,3.0,2.0,1.0,4.0,2.21,,
Has the token or digital asset been evaluated under the Howey Test (or comparable local standard) to determine if it is a security?,Legal and Compliance,7.0,9.0,6.0,5.0,3.79,,
Are there legal opinions or memoranda publicly available that clarify the asset's classification under securities laws?,Legal and Compliance,6.0,7.0,8.0,5.0,4.21,,
Has the project conducted any token sales or offerings that could be subject to retrospective regulatory scrutiny?,Legal and Compliance,7.0,6.0,5.0,4.0,3.64,,
"Does the project comply with disclosures, filings, or registrations required in any jurisdictions where it operates?",Legal and Compliance,3.0,2.0,4.0,1.0,1.79,,
"If the token is used for fundraising, were proper exemptions (Reg D, Reg S, etc.) or equivalent utilized, and is ongoing compliance maintained?",Legal and Compliance,5.0,2.0,4.0,3.0,3.07,,
"Which jurisdictions currently restrict or forbid the trading of this token, and how does the project handle users from those regions?",Legal and Compliance,7.0,5.0,6.0,8.0,5.43,,
"Are there or have there been any class-action lawsuits, SEC investigations, or regulatory enforcement actions involving the token?",Legal and Compliance,7.0,5.0,6.0,8.0,5.43,,
How does the project anticipate and adapt to evolving securities laws across different countries?,Legal and Compliance,6.0,4.0,5.0,7.0,4.71,,
"Which specific AML/KYC frameworks does the project adhere to, and are they aligned with FATF recommendations or local regulations?",Legal and Compliance,8.0,9.0,7.0,5.0,4.29,,
"Does the project have dedicated compliance officers, and are they experienced in digital asset regulations?",Legal and Compliance,8.0,6.0,5.0,4.0,3.93,,
How does the project ensure ongoing compliance with sanctions regimes or restricted jurisdictions?,Legal and Compliance,6.0,4.0,5.0,3.0,3.29,,
Are there defined processes for suspicious activity reporting and transaction monitoring on-chain?,Legal and Compliance,7.0,8.0,9.0,6.0,4.93,,
How does the project manage data protection obligations such as GDPR or other privacy laws?,Legal and Compliance,4.0,3.0,2.0,1.0,1.5,,
"If the platform provides exchange or custodial services, is it registered or licensed with relevant financial authorities?",Legal and Compliance,8.0,6.0,7.0,9.0,6.14,,
"Does the project have a formal code of conduct or compliance handbook, and are staff regularly trained on it?",Legal and Compliance,6.0,4.0,5.0,3.0,3.29,,
How do governance token holders or the foundation (if applicable) handle compliance oversight?,Legal and Compliance,7.0,5.0,8.0,6.0,5.14,,
"Has the project historically been connected to any money laundering, terrorist financing, or hacking incidents?",Legal and Compliance,6.0,3.0,5.0,4.0,3.79,,
What thresholds or alerts trigger enhanced due diligence for large or suspicious transactions?,Legal and Compliance,8.0,6.0,9.0,7.0,5.86,,
How does the project mitigate the risk of privacy-enhancing features (like mixers or tumblers) being used maliciously?,Legal and Compliance,4.0,3.0,2.0,5.0,2.93,,
"Are addresses or entities identified on sanctions lists (e.g., OFAC, EU sanctions) proactively blocked or flagged?",Legal and Compliance,6.0,4.0,5.0,3.0,3.29,,
Does the project collaborate with law enforcement agencies or industry consortia to share threat intelligence?,Legal and Compliance,2.0,1.0,3.0,4.0,2.5,,
Are there protocols to freeze assets or halt transactions in the event of a security breach or regulatory directive?,Legal and Compliance,8.0,5.0,7.0,9.0,6.29,,
What measures are in place to address potential black market or dark web usage of the token or platform?,Legal and Compliance,7.0,6.0,8.0,5.0,4.64,,
"Is there a clear framework for cybersecurity governance, and who is accountable at an executive level?",Cybersecurity,7.0,5.0,6.0,8.0,5.43,,
"Does the project conduct periodic penetration tests or red-team exercises, and are results used to improve security posture?",Cybersecurity,8.0,6.0,7.0,9.0,6.14,,
Which hardware security modules (HSMs) or other secure key management systems are used for private key custody?,Cybersecurity,2.0,3.0,1.0,4.0,1.79,,
"Are bug bounty programs in place to incentivize ethical hacking, and how does the team respond to reported vulnerabilities?",Cybersecurity,4.0,5.0,3.0,2.0,1.79,,
"What is the process for managing zero-day exploits or critical vulnerabilities (e.g. crisis response teams, hotfix protocols)?",Cybersecurity,8.0,6.0,9.0,7.0,5.86,,
"Is multi-factor authentication (MFA) mandatory for all administrators, developers, and high-privilege accounts?",Cybersecurity,8.0,6.0,7.0,9.0,6.14,,
"How is physical security addressed in data centres, hardware wallets, or any colocation facilities?",Cybersecurity,6.0,5.0,7.0,4.0,3.93,,
"Does the project follow any well-known security frameworks (ISO 27001, NIST Cybersecurity Framework, etc.) for best practices?",Cybersecurity,7.0,8.0,5.0,9.0,5.14,,
"Which audit firms or reputable third-party organizations have been engaged, and what was the scope of each audit?",Auditability,2.0,1.0,3.0,1.0,1.43,,
Does the project publicly share cryptographic proof of reserves or on-chain attestations for asset ownership?,Auditability,8.0,6.0,5.0,9.0,5.71,,
"How are compliance audits (like SOC 1/2 or ISAE 3402) handled, and are their results disclosed to stakeholders?",Auditability,6.0,5.0,7.0,4.0,3.93,,
Are transaction histories and logs easily accessible and verifiable on-chain for transparency?,Auditability,2.0,8.0,4.0,6.0,2.43,,
"Are token holders or governing bodies empowered to request or approve special audits (e.g., for treasury activities)?",Auditability,4.0,3.0,5.0,2.0,2.5,,
"In cases of asset tokenization, how does the project legally ensure that on-chain ownership matches real-world rights?",Auditability,5.0,3.0,4.0,2.0,2.57,,
"How frequently is environmental, social and governance (esg) evaluated or updated, and by whom?",Auditability,3.0,2.0,1.0,4.0,2.21,,
What are the biggest risks currently facing the project's strategic partnerships practices?,Cybersecurity,7.0,5.0,6.0,8.0,5.43,,
How does the project benchmark its media and community perception performance against industry standards?,Legal and Compliance,2.5,4.8,3.1,1.9,1.37,,
"Is there independent oversight or review over the network design process? If so, by which entities?",Legal and Compliance,6.0,5.0,4.0,3.0,2.93,,
What tools or frameworks does the team use to manage smart contract risk effectively?,Legal and Compliance,8.0,9.0,6.0,7.0,4.79,,
Have there been any reported issues or audits related to upgrades and maintenance in the past 12 months?,Auditability,2.0,1.0,1.0,3.0,1.71,,
How does the team prioritize improvements and risk mitigation for protocol scalability?,Auditability,4.0,3.0,5.0,2.0,2.5,,
"How frequently is treasury management evaluated or updated, and by whom?",Cybersecurity,2.0,1.0,3.0,4.0,2.5,,
"How frequently is disaster recovery evaluated or updated, and by whom?",Cybersecurity,3.0,2.0,4.0,1.0,1.79,,
"How frequently is strategic partnerships evaluated or updated, and by whom?",Reputational and Strategic,2.0,1.0,3.0,4.0,2.5,,
"How frequently is media and community perception evaluated or updated, and by whom?",Reputational and Strategic,2.0,1.0,3.0,4.0,2.5,,
"How frequently is threat intelligence evaluated or updated, and by whom?",Cybersecurity,3.0,2.0,1.0,4.0,2.21,,
"How frequently is securities analysis evaluated or updated, and by whom?",Legal and Compliance,6.0,8.0,5.0,4.0,3.07,,
What are the biggest risks currently facing the project's licensing and jurisdiction practices?,Legal and Compliance,7.0,5.0,9.0,8.0,6.07,,
"How frequently is licensing and jurisdiction evaluated or updated, and by whom?",Legal and Compliance,7.0,5.0,8.0,9.0,6.21,,
"How frequently is proof-of-reserves evaluated or updated, and by whom?",Auditability,2.5,1.0,4.0,3.0,2.5,,
What are the biggest risks currently facing the project's on-chain traceability practices?,Auditability,7.0,5.0,8.0,6.0,5.14,,
"How frequently is regulatory reporting evaluated or updated, and by whom?",Legal and Compliance,7.0,8.0,6.0,5.0,3.93,,
How does the project benchmark its governance and operational security performance against industry standards?,Cybersecurity,7.0,8.0,6.0,9.0,5.36,,
"How frequently is on-chain traceability evaluated or updated, and by whom?",Auditability,2.0,1.0,3.0,4.0,2.5,,
What are the biggest risks currently facing the project's governance and operational security practices?,Cybersecurity,60.0,40.0,20.0,80.0,44.29,,
