rank,key,name,hasFundingRounds,symbol,type,lifeCycle,maxSupply,unlimitedSupply,totalSupply,percentOfCircSupply,tokens,category,categoryId,tagIds,interest,isTraded,marketDataNotAvailable,vesting,hasVesting,listingDate,fullyDilutedMarketCap,availableSupply,marketCap,volume24h,noData,rankHistory.h24,rankHistory.m6,rankHistory.y1,rankHistory.MTD,rankHistory.d7,rankHistory.q1,rankHistory.d30,rankHistory.YTD,rankHistory.d14,rankHistory.m3,athMarketCap.USD,athMarketCap.dateUSD,image.x60,image.x150,image.icon,image.native,athPrice.BTC,athPrice.ETH,athPrice.USD
1.0,bitcoin,Bitcoin,False,BTC,coin,traded,21000000.0,False,21000000.0,94.52,[],Currency,38.0,"[374, 378, 380, 236, 227]",,True,False,,False,2010-03-17T00:00:00.000Z,1658005961119.349,19848328.0,1567265398954.3845,366253.0816,False,1.0,1.0,1.0,1.0,1.0,1.0,1.0,1.0,1.0,1.0,2156092586335.213,2025-01-20,https://img.cryptorank.io/coins/60x60.bitcoin1524754012028.png,https://img.cryptorank.io/coins/150x150.bitcoin1524754012028.png,https://img.cryptorank.io/coins/icon.bitcoin1524754012028.png,https://img.cryptorank.io/coins/bitcoin1524754012028.png,1.0,679.466928,108824.384536
2.0,ethereum,Ethereum,False,ETH,coin,traded,,True,120676170.0,100.0,[],Chain,65.0,"[374, 380, 378, 105, 241, 267, 227, 307]",,True,False,,False,2015-07-30T00:00:00.000Z,189388900507.30032,120676170.0,189339548268.9833,9269265.3102,False,2.0,2.0,2.0,2.0,2.0,2.0,2.0,2.0,2.0,2.0,574825409671.0197,2021-11-10,https://img.cryptorank.io/coins/60x60.ethereum1524754015525.png,https://img.cryptorank.io/coins/150x150.ethereum1524754015525.png,https://img.cryptorank.io/coins/icon.ethereum1524754015525.png,https://img.cryptorank.io/coins/ethereum1524754015525.png,0.156357,1.0,4859.618232
3.0,tether,Tether,False,USDT,token,traded,,False,144192090764.0,100.0,"[{'platformName': 'Ethereum', 'platformKey': 'ethereum', 'platformSlug': 'ethereum', 'explorerUrl': 'https://etherscan.io/token/', 'address': '0xdac17f958d2ee523a2206206994597c13d831ec7'}, {'platformName': 'TRON', 'platformKey': 'tron', 'platformSlug': 'tron', 'explorerUrl': 'https://tronscan.org/#/token20/', 'address': 'TR7NHqjeKQxGTCi8q8ZY4pL8otSzgjLj6t'}, {'platformName': 'Solana', 'platformKey': 'solana', 'platformSlug': 'solana', 'explorerUrl': 'https://solscan.io/token/', 'address': 'Es9vMFrzaCERmJfrF4H2FYD4KCoNkY11McCe8BenwNYB'}, {'platformName': 'Omni', 'platformKey': 'omni', 'platformSlug': 'omni', 'explorerUrl': None, 'address': '32TLn1WLcu8LtfvweLzYUYU6ubc2YV9eZs'}, {'platformName': 'Algorand', 'platformKey': 'algorand', 'platformSlug': 'algorand', 'explorerUrl': 'https://algoexplorer.io/asset/', 'address': '312769'}, {'platformName': 'Polygon', 'platformKey': 'matic-network', 'platformSlug': 'matic-network', 'explorerUrl': 'https://polygonscan.com/token/', 'address': '0xc2132d05d31c914a87c6611c10748aeb04b58e8f'}, {'platformName': 'BNB', 'platformKey': 'bnb', 'platformSlug': 'bnb', 'explorerUrl': 'https://bscscan.com/token/', 'address': '0x55d398326f99059ff775485246999027b3197955'}, {'platformName': 'HECO Chain', 'platformKey': 'huobi-token', 'platformSlug': 'huobi-token', 'explorerUrl': 'https://www.hecoinfo.com/en-us/token/', 'address': '0xa71edc38d189767582c38a3145b5873052c3e47a'}, {'platformName': 'KCC', 'platformKey': 'kucoin-shares', 'platformSlug': 'kucoin-shares', 'explorerUrl': 'https://explorer.kcc.io/en/token/', 'address': '0x0039f574ee5cc39bdd162e9a88e3eb1f111baf48'}, {'platformName': 'Cronos', 'platformKey': 'crypto-com-cro', 'platformSlug': 'crypto-com-cro', 'explorerUrl': 'https://cronos.org/explorer/token/', 'address': '0x66e428c3f67a68878562e79a0234c1f83c208770'}, {'platformName': 'Moonbeam', 'platformKey': 'glimmer', 'platformSlug': 'glimmer', 'explorerUrl': 'https://moonscan.io/token/', 'address': '0xefaeee334f0fd1712f9a8cc375f427d9cdd40d73'}, {'platformName': 'Harmony', 'platformKey': 'harmony', 'platformSlug': 'harmony', 'explorerUrl': 'https://explorer.harmony.one/address/', 'address': '0x3c2b8be99c50593081eaa2a724f0b8285f5aba8f'}, {'platformName': 'Arbitrum', 'platformKey': 'arbitrum', 'platformSlug': 'arbitrum', 'explorerUrl': 'https://arbiscan.io/token/', 'address': '0xfd086bc7cd5c481dcc9c85ebe478a1c0b69fcbb9'}, {'platformName': 'Avalanche C-Chain', 'platformKey': 'avalanche', 'platformSlug': 'avalanche', 'explorerUrl': 'https://avascan.info/blockchain/c/token/', 'address': '0x9702230A8Ea53601f5cD2dc00fDBc13d4dF4A8c7'}, {'platformName': 'Gnosis Chain', 'platformKey': 'xdaistable', 'platformSlug': 'xdaistable', 'explorerUrl': 'https://gnosisscan.io/token/', 'address': '0x4ECaBa5870353805a9F068101A40E0f32ed605C6'}, {'platformName': 'Viction (TomoChain)', 'platformKey': 'tomochain', 'platformSlug': 'tomochain', 'explorerUrl': 'https://tomoscan.io/token/', 'address': '0x381B31409e4D220919B2cFF012ED94d70135A59e'}, {'platformName': 'OKC', 'platformKey': 'okexchain', 'platformSlug': 'okexchain', 'explorerUrl': 'https://www.oklink.com/en/okc/token/', 'address': '0x382bb369d343125bfb2117af9c149795c6c65c50'}, {'platformName': 'RSK', 'platformKey': 'rsk', 'platformSlug': 'rsk', 'explorerUrl': 'https://explorer.rsk.co/address/', 'address': '0xEf213441a85DF4d7acBdAe0Cf78004E1e486BB96'}, {'platformName': 'Zilliqa', 'platformKey': 'zilliqa', 'platformSlug': 'zilliqa', 'explorerUrl': 'https://viewblock.io/zilliqa/address/', 'address': 'zil1sxx29cshups269ahh5qjffyr58mxjv9ft78jqy'}, {'platformName': 'Velas', 'platformKey': 'velas', 'platformSlug': 'velas', 'explorerUrl': 'https://explorer.velas.com/address/', 'address': '0x01445c31581c354b7338ac35693ab2001b50b9ae'}, {'platformName': 'Secret Network', 'platformKey': 'secret', 'platformSlug': 'secret', 'explorerUrl': 'https://www.mintscan.io/secret/assets', 'address': 'secret18wpjn83dayu4meu6wnn29khfkwdxs7kyrz9c8f'}, {'platformName': 'Oasis Network', 'platformKey': 'oasis-network', 'platformSlug': 'oasis-network', 'explorerUrl': 'https://explorer.emerald.oasis.dev/token/', 'address': '0xdc19a122e268128b5ee20366299fc7b5b199c8e3'}, {'platformName': 'Aurora', 'platformKey': 'aurora-evm', 'platformSlug': 'aurora-evm', 'explorerUrl': 'https://aurorascan.dev/token/', 'address': '0x4988a896b1227218e4a686fde5eabdcabd91571f'}, {'platformName': 'Metis Andromeda', 'platformKey': 'metisdao', 'platformSlug': 'metisdao', 'explorerUrl': 'https://andromeda-explorer.metis.io/token/', 'address': '0xbb06dca3ae6887fabf931640f67cab3e3a16f4dc'}, {'platformName': 'Moonriver', 'platformKey': 'moonriver', 'platformSlug': 'moonriver', 'explorerUrl': 'https://moonriver.moonscan.io/token/', 'address': '0xe936caa7f6d9f5c9e907111fcaf7c351c184cda7'}, {'platformName': 'KardiaChain', 'platformKey': 'kardiachain', 'platformSlug': 'kardiachain', 'explorerUrl': 'https://explorer.kardiachain.io/token/', 'address': '0x551a5dcac57c66aa010940c2dcff5da9c53aa53b'}, {'platformName': 'IoTeX', 'platformKey': 'iotex', 'platformSlug': 'iotex', 'explorerUrl': 'https://iotexscan.io/token/', 'address': '0x6fbcdc1169b5130c59e72e51ed68a84841c98cd1'}, {'platformName': 'Cardano', 'platformKey': 'cardano', 'platformSlug': 'cardano', 'explorerUrl': 'https://cardanoscan.io/token/', 'address': '0x3795c36e7d12a8c252a20c5a7b455f7c57b60283'}, {'platformName': 'Near Protocol', 'platformKey': 'near-protocol', 'platformSlug': 'near-protocol', 'explorerUrl': 'https://nearblocks.io/token/', 'address': 'usdt.tether-token.near'}, {'platformName': 'Astar', 'platformKey': 'astar', 'platformSlug': 'astar', 'explorerUrl': 'https://astar.subscan.io/account/'}, {'platformName': 'Everscale', 'platformKey': 'everscale', 'platformSlug': 'everscale', 'explorerUrl': 'https://everscan.io/tokens', 'address': '0:a519f99bb5d6d51ef958ed24d337ad75a1c770885dcd42d51d6663f9fcdacfb2'}, {'platformName': 'Aptos', 'platformKey': 'aptos', 'platformSlug': 'aptos', 'explorerUrl': 'https://aptscan.ai/coins', 'address': '0xf22bede237a07e121b56d91a491eb7bcdfd1f5907926a9e58338f964a01b17fa::asset::USDT'}, {'platformName': 'Optimism', 'platformKey': 'optimism', 'platformSlug': 'optimism', 'explorerUrl': 'https://optimistic.etherscan.io/token/', 'address': '0x94b008aa00579c1307b0ef2c499ad98a8ce58e58'}, {'platformName': 'zkSync Era', 'platformKey': 'zksync-era', 'platformSlug': 'zksync-era', 'explorerUrl': 'https://explorer.zksync.io/address/', 'address': '0x493257fD37EDB34451f62EDf8D2a0C418852bA4C'}, {'platformName': 'Kava', 'platformKey': 'kava', 'platformSlug': 'kava', 'explorerUrl': 'https://kavascan.com/token/', 'address': '0x919c1c267bc06a7039e03fcc2ef738525769109c'}, {'platformName': 'Mantle', 'platformKey': 'mantle', 'platformSlug': 'mantle', 'explorerUrl': 'https://explorer.mantle.xyz/token/', 'address': '0x201eba5cc46d216ce6dc03f6a759e8e766e956ae'}, {'platformName': 'Conflux Network', 'platformKey': 'conflux-network', 'platformSlug': 'conflux-network', 'explorerUrl': 'https://evm.confluxscan.io/token/', 'address': '0xfe97E85d13ABD9c1c33384E796F10B73905637cE'}, {'platformName': 'Sui', 'platformKey': 'sui', 'platformSlug': 'sui', 'explorerUrl': 'https://suiscan.xyz/mainnet/coin/', 'address': '0x375f70cf2ae4c00bf37117d0c85a2c71545e6ee05c4a5c7d282cd66a4504b068::usdt::USDT'}, {'platformName': 'Terra Classic', 'platformKey': 'luna', 'platformSlug': 'luna', 'explorerUrl': 'https://finder.terra.money/classic/address/', 'address': 'terra1ce06wkrdm4vl6t0hvc0g86rsy27pu8yadg3dva'}, {'platformName': 'Tezos', 'platformKey': 'tezos', 'platformSlug': 'tezos', 'explorerUrl': 'https://tzkt.io/', 'address': 'KT1XnTn74bUtxHfDtBmm2bGZAQfhPbvKWR8o'}, {'platformName': 'Fusion Network', 'platformKey': 'fusion', 'platformSlug': 'fusion', 'explorerUrl': 'https://fsnscan.com/token/', 'address': '0x9636d3294e45823ec924c8d89dd1f1dffcf044e6'}, {'platformName': 'Fuse Network', 'platformKey': 'fuse-network', 'platformSlug': 'fuse-network', 'explorerUrl': 'https://explorer.fuse.io/token/', 'address': '0xfadbbf8ce7d5b7041be672561bba99f79c532e10'}, {'platformName': 'Dogechain', 'platformKey': 'dogechain', 'platformSlug': 'dogechain', 'explorerUrl': 'https://explorer.dogechain.dog/token', 'address': '0xe3f5a90f9cb311505cd691a46596599aa1a0ad7d'}, {'platformName': 'Polygon zkEVM', 'platformKey': 'polygon-zkevm', 'platformSlug': 'polygon-zkevm', 'explorerUrl': 'https://zkevm.polygonscan.com/token/', 'address': '0x1e4a5963abfd975d8c9021ce480b42188849d41d'}, {'platformName': 'PulseChain', 'platformKey': 'pulsechain', 'platformSlug': 'pulsechain', 'explorerUrl': 'https://scan.pulsechain.com/token/', 'address': '0x0cb6f5a34ad42ec934882a05265a7d5f59b51a2f'}, {'platformName': 'Starknet', 'platformKey': 'starknet', 'platformSlug': 'starknet', 'explorerUrl': 'https://starkscan.co/contract/', 'address': '0x68f5c6a61780768455de69077e07e89787839bf8166decfbf92b645209c0fb8'}, {'platformName': 'opBNB', 'platformKey': 'opbnb', 'platformSlug': 'opbnb', 'explorerUrl': 'https://opbnbscan.com/address/', 'address': '0x9e5aac1ba1a2e6aed6b32689dfcf62a509ca96f3'}, {'platformName': 'EthereumFair', 'platformKey': 'ethereumfair', 'platformSlug': 'ethereumfair', 'explorerUrl': 'https://www.oklink.com/ru/ethf', 'address': '0x3eee5d2ed0205f93969a59f7c8597fb614264436'}, {'platformName': 'Kroma', 'platformKey': 'kroma', 'platformSlug': 'kroma', 'explorerUrl': 'https://blockscout.kroma.network/tokens', 'address': '0x0Cf7c2A584988871b654Bd79f96899e4cd6C41C0'}, {'platformName': ' Neon EVM', 'platformKey': 'neon-evm', 'platformSlug': 'neon-evm', 'explorerUrl': 'https://neonscan.org/token/', 'address': '0x5f0155d08ef4aae2b500aefb64a3419da8bb611a'}, {'platformName': 'Lung', 'platformKey': 'lung', 'platformSlug': 'lung', 'explorerUrl': 'https://lunagens.info/tokens', 'address': '0x5eDCCFcAC24A89F3b87f2bfAB618a509FA6e3105'}, {'platformName': 'HPB', 'platformKey': 'hpb', 'platformSlug': 'hpb', 'explorerUrl': 'https://hscan.org/tokens', 'address': '0xd378634119d2f7b3cf3d60e0b0f5e048e74ce3cf'}, {'platformName': 'Milkomeda A1', 'platformKey': 'milkomeda-a1', 'platformSlug': 'milkomeda-a1', 'explorerUrl': 'https://explorer-mainnet-algorand-rollup.a1.milkomeda.com/tokens', 'address': '0xfa9343c3897324496a05fc75abed6bac29f8a40f'}, {'platformName': 'Milkomeda C1', 'platformKey': 'molkomeda-c1', 'platformSlug': 'molkomeda-c1', 'explorerUrl': 'https://explorer-mainnet-cardano-evm.c1.milkomeda.com/tokens', 'address': '0x80a16016cc4a2e6a2caca8a4a498b1699ff0f844'}, {'platformName': 'ZYX', 'platformKey': 'zyx', 'platformSlug': 'zyx', 'explorerUrl': 'https://zyxscan.com/tokens', 'address': '0xefcAA73145B5e29eEfc47bcbaeFF9e870Fa6a610'}, {'platformName': 'Tenet', 'platformKey': 'tenet', 'platformSlug': 'tenet', 'explorerUrl': 'https://tenetscan.io/tokens', 'address': '0x91Aa258324072dFf6F82408c2beB2F82D353b300'}, {'platformName': 'CSC', 'platformKey': 'csc', 'platformSlug': 'csc', 'explorerUrl': 'https://www.coinex.net/tokens', 'address': '0x398dcA951cD4fc18264d995DCD171aa5dEbDa129'}, {'platformName': 'RENEC', 'platformKey': 'renec', 'platformSlug': 'renec', 'explorerUrl': 'https://explorer.renec.foundation/', 'address': '4Q89182juiadeFgGw3fupnrwnnDmBhf7e7fHWxnUP3S3'}, {'platformName': 'MVC', 'platformKey': 'mvc', 'platformSlug': 'mvc', 'explorerUrl': 'https://www.mvcscan.com/token', 'address': 'e1d869a83212628ec82a4e039a95371a9ae4598c8459193ccfd0f2f2c689831f'}, {'platformName': 'Scroll', 'platformKey': 'scroll', 'platformSlug': 'scroll', 'explorerUrl': 'https://blockscout.scroll.io/token/', 'address': '0xf55BEC9cafDbE8730f096Aa55dad6D22d44099Df'}, {'platformName': 'REI', 'platformKey': 'rei', 'platformSlug': 'rei', 'explorerUrl': 'https://scan.rei.network/token/', 'address': '0x988a631caf24e14bb77ee0f5ca881e8b5dcfcec7'}, {'platformName': 'MultiVAC', 'platformKey': 'multivac', 'platformSlug': 'multivac', 'explorerUrl': 'https://e.mtv.ac/token', 'address': '0xfd36c336eb67a092dc80a063ff0644e13142d454'}, {'platformName': 'Loop', 'platformKey': 'loop', 'platformSlug': 'loop', 'explorerUrl': 'https://explorer.mainnetloop.com/token/', 'address': '0xa3200696761a0cf122de2a679f745b3f8cfa2623'}, {'platformName': 'Injective', 'platformKey': 'injective', 'platformSlug': 'injective', 'explorerUrl': None, 'address': 'peggy0xdAC17F958D2ee523a2206206994597C13D831ec7'}, {'platformName': 'Osmosis', 'platformKey': 'osmosis', 'platformSlug': 'osmosis', 'explorerUrl': None, 'address': 'ibc/4ABBEF4C8926DDDB320AE5188CFD63267ABBCEFC0583E4AE05D6E5AA2401DDAB'}, {'platformName': 'Manta', 'platformKey': 'manta', 'platformSlug': 'manta', 'explorerUrl': 'https://pacific-explorer.manta.network/tokens', 'address': '0xf417F5A458eC102B90352F697D6e2Ac3A3d2851f'}, {'platformName': 'Pego', 'platformKey': 'pego', 'platformSlug': 'pego', 'explorerUrl': 'https://scan.pego.network/token/', 'address': '0x02f9bebf5e54968d8cc2562356c91ecde135801b'}, {'platformName': 'Linea', 'platformKey': 'linea', 'platformSlug': 'linea', 'explorerUrl': 'https://lineascan.build/token/', 'address': '0xA219439258ca9da29E9Cc4cE5596924745e12B93'}, {'platformName': 'CORE', 'platformKey': 'core', 'platformSlug': 'core', 'explorerUrl': 'https://scan.coredao.org/token', 'address': '0x900101d06a7426441ae63e9ab3b9b0f63be145f1'}, {'platformName': 'Rollux', 'platformKey': 'rollux', 'platformSlug': 'rollux', 'explorerUrl': 'https://explorer.rollux.com/token/', 'address': '0x28c9c7Fb3fE3104d2116Af26cC8eF7905547349c'}, {'platformName': 'Starcoin', 'platformKey': 'starcoin', 'platformSlug': 'starcoin', 'explorerUrl': 'https://stcscan.io/main/tokens/detail/', 'address': '0x9350502a3af6c617e9a42fa9e306a385::BX_USDT::BX_USDT'}, {'platformName': 'Step', 'platformKey': 'step', 'platformSlug': 'step', 'explorerUrl': 'https://stepscan.io/token/', 'address': '0xfA9343C3897324496A05fC75abeD6bAC29f8A40f'}, {'platformName': 'Crab', 'platformKey': 'crab', 'platformSlug': 'crab', 'explorerUrl': 'https://crab.subview.xyz/token/', 'address': '0x6a2d262D56735DbA19Dd70682B39F6bE9a931D98'}, {'platformName': 'Goerli', 'platformKey': 'goerli', 'platformSlug': 'goerli', 'explorerUrl': 'https://goerli.etherscan.io/token/', 'address': '0xc2c527c0cacf457746bd31b2a698fe89de2b6d49'}, {'platformName': 'Aura Network', 'platformKey': 'aura-network', 'platformSlug': 'aura-network', 'explorerUrl': 'https://aurascan.io/tokens/token/', 'address': 'A95EBDF88AC1E3FDECAA1D6E250B07C0C86475A3E2BFA2E7DC94A6CDE23DF6D6'}, {'platformName': 'TON', 'platformKey': 'ton', 'platformSlug': 'ton', 'explorerUrl': 'https://tonscan.org/jetton/', 'address': 'EQCxE6mUtQJKFnGfaROTKOt1lZbDiiX1kCixRv7Nw2Id_sDs'}, {'platformName': 'Mode', 'platformKey': 'mode', 'platformSlug': 'mode', 'explorerUrl': 'https://explorer.mode.network/token/', 'address': '0xf0F161fDA2712DB8b566946122a5af183995e2eD'}, {'platformName': 'Celo', 'platformKey': 'celo', 'platformSlug': 'celo', 'explorerUrl': 'https://explorer.celo.org/token/', 'address': '0x48065fbBE25f71C9282ddf5e1cD6D6A887483D5e'}, {'platformName': 'ZChains', 'platformKey': 'zchains', 'platformSlug': 'zchains', 'explorerUrl': 'https://scan.zchains.com/token/', 'address': '0x17270E5364f226Cd5D77a16957c1b2663dC9699B'}, {'platformName': 'Seele', 'platformKey': 'seele', 'platformSlug': 'seele', 'explorerUrl': 'https://seeleview.net/tokens/', 'address': '0x008D7923Fe2941Ceb549bf5646B1ddb1aC93C8a6'}, {'platformName': 'RuneChain', 'platformKey': 'runechain', 'platformSlug': 'runechain', 'explorerUrl': 'https://explorer.runechain.com/token/', 'address': '0xC0F4b3a52B0532Bf48784d2202C812B1841d8812'}, {'platformName': 'Bitlayer', 'platformKey': 'bitlayer', 'platformSlug': 'bitlayer', 'explorerUrl': 'https://www.btrscan.com/token/', 'address': '0xfe9f969faf8ad72a83b761138bf25de87eff9dd2'}, {'platformName': 'Over', 'platformKey': 'over', 'platformSlug': 'over', 'explorerUrl': 'https://scan.over.network/token/', 'address': '0xA510432E4aa60B4acd476fb850EC84B7EE226b2d'}, {'platformName': 'Soneium', 'platformKey': 'soneium', 'platformSlug': 'soneium', 'explorerUrl': 'https://soneium.blockscout.com/token/', 'address': '0x3a337a6ada9d885b6ad95ec48f9b75f197b5ae35'}, {'platformName': 'Abstract', 'platformKey': 'abstract', 'platformSlug': 'abstract', 'explorerUrl': 'https://abscan.org/token/', 'address': '0x0709F39376dEEe2A2dfC94A58EdEb2Eb9DF012bD'}, {'platformName': 'Sei', 'platformKey': 'sei', 'platformSlug': 'sei', 'explorerUrl': 'https://seitrace.com/token/', 'address': '0xB75D0B03c06A926e488e2659DF1A861F860bD3d1'}, {'platformName': 'Sonic', 'platformKey': 'sonic', 'platformSlug': 'sonic', 'explorerUrl': 'https://sonicscan.org/token', 'address': '0x6047828dc181963ba44974801FF68e538dA5eaF9'}, {'platformName': 'Zircuit', 'platformKey': 'zircuit', 'platformSlug': 'zircuit', 'explorerUrl': 'https://explorer.zircuit.com/address/', 'address': '0x46dDa6a5a559d861c06EC9a95Fb395f5C3Db0742'}]",Stablecoin,37.0,"[283, 360]",,True,False,,False,2015-02-09T00:00:00.000Z,144150593944.83163,144192090764.0,144148786995.30176,58225324860.2516,False,3.0,3.0,3.0,3.0,3.0,3.0,3.0,3.0,3.0,3.0,144213626399.82907,2025-04-07,https://img.cryptorank.io/coins/60x60.tether1645007690922.png,https://img.cryptorank.io/coins/150x150.tether1645007690922.png,https://img.cryptorank.io/coins/icon.tether1645007690922.png,https://img.cryptorank.io/coins/tether1645007690922.png,0.005011,2.370874,1.20981
4.0,ripple,XRP,True,XRP,coin,traded,100000000000.0,False,99986277500.0,58.27,"[{'platformName': 'BNB', 'platformKey': 'bnb', 'platformSlug': 'bnb', 'explorerUrl': 'https://bscscan.com/token/', 'address': '0x1d2f0da169ceb9fc7b3144628db156f3f6c60dbe'}, {'platformName': 'Klaytn ', 'platformKey': 'klaytn', 'platformSlug': 'klaytn', 'explorerUrl': 'https://scope.klaytn.com/token/', 'address': '0x9eaefb09fe4aabfbe6b1ca316a3c36afc83a393f'}]",Currency,38.0,"[17, 374, 381]",,True,False,,False,2013-08-04T18:51:00.000Z,188341564215.9601,58274974538.0,109596580211.735,3379997277.5926,False,4.0,7.0,7.0,4.0,4.0,4.0,4.0,4.0,4.0,4.0,194638395896.1755,2025-01-16,https://img.cryptorank.io/coins/60x60.xrp1634717634479.png,https://img.cryptorank.io/coins/150x150.xrp1634717634479.png,https://img.cryptorank.io/coins/icon.xrp1634717634479.png,https://img.cryptorank.io/coins/xrp1634717634479.png,0.000264,0.011478,3.84194
5.0,bnb,BNB,True,BNB,coin,traded,,False,145887576.0,100.0,"[{'platformName': 'Ethereum', 'platformKey': 'ethereum', 'platformSlug': 'ethereum', 'explorerUrl': 'https://etherscan.io/token/', 'address': '0xB8c77482e45F1F44dE1745F52C74426C631bDD52'}, {'platformName': 'REIchain', 'platformKey': 'reichain', 'platformSlug': 'reichain', 'explorerUrl': 'https://reiscan.com/tokens', 'address': '0xf8aB4aaf70cef3F3659d3F466E35Dc7ea10d4A5d'}, {'platformName': 'ENULS', 'platformKey': 'enuls', 'platformSlug': 'enuls', 'explorerUrl': 'https://evmscan.nuls.io/tokens', 'address': '0x70a07c8dce789d9cc249b3f816bdacd2bbed66cc'}, {'platformName': 'BitTorrent', 'platformKey': 'bittorrent', 'platformSlug': 'bittorrent', 'explorerUrl': 'https://bttcscan.com/token/', 'address': '0x185a4091027E2dB459a2433F85f894dC3013aeB5'}, {'platformName': 'ZetaChain', 'platformKey': 'zetachain', 'platformSlug': 'zetachain', 'explorerUrl': 'https://zetachain.blockscout.com/token', 'address': '0x48f80608B672DC30DC7e3dbBd0343c5F02C738Eb'}, {'platformName': 'Boba BNB', 'platformKey': 'boba-bnb', 'platformSlug': 'boba-bnb', 'explorerUrl': 'https://bnb.bobascan.com/token/', 'address': '0x4200000000000000000000000000000000000023'}]",Chain,65.0,"[115, 105, 321, 277, 227, 307]",,True,False,,False,2017-07-15T00:00:00.000Z,81347464681.2424,145887576.0,81314906409.74806,1834090.5101,False,5.0,4.0,4.0,5.0,5.0,5.0,5.0,5.0,5.0,5.0,115670676870.76968,2024-12-04,https://img.cryptorank.io/coins/60x60.bnb1732530324407.png,https://img.cryptorank.io/coins/150x150.bnb1732530324407.png,https://img.cryptorank.io/coins/icon.bnb1732530324407.png,https://img.cryptorank.io/coins/bnb1732530324407.png,0.019347,0.366992,792.875446
6.0,usdcoin,USDC,False,USDC,token,traded,,True,60947041089.0,100.0,"[{'platformName': 'Ethereum', 'platformKey': 'ethereum', 'platformSlug': 'ethereum', 'explorerUrl': 'https://etherscan.io/token/', 'address': '0xa0b86991c6218b36c1d19d4a2e9eb0ce3606eb48'}, {'platformName': 'Solana', 'platformKey': 'solana', 'platformSlug': 'solana', 'explorerUrl': 'https://solscan.io/token/', 'address': 'EPjFWdd5AufqSSqeM2qN1xzybapC8G4wEGGkZwyTDt1v'}, {'platformName': 'BNB', 'platformKey': 'bnb', 'platformSlug': 'bnb', 'explorerUrl': 'https://bscscan.com/token/', 'address': '0x8ac76a51cc950d9822d68b83fe1ad97b32cd580d'}, {'platformName': 'Algorand', 'platformKey': 'algorand', 'platformSlug': 'algorand', 'explorerUrl': 'https://algoexplorer.io/asset/', 'address': '31566704'}, {'platformName': 'Polygon', 'platformKey': 'matic-network', 'platformSlug': 'matic-network', 'explorerUrl': 'https://polygonscan.com/token/', 'address': '0x3c499c542cef5e3811e1192ce70d8cc03d5c3359'}, {'platformName': 'Gnosis Chain', 'platformKey': 'xdaistable', 'platformSlug': 'xdaistable', 'explorerUrl': 'https://gnosisscan.io/token/', 'address': '0xDDAfbb505ad214D7b80b1f830fcCc89B60fb7A83'}, {'platformName': 'Viction (TomoChain)', 'platformKey': 'tomochain', 'platformSlug': 'tomochain', 'explorerUrl': 'https://tomoscan.io/token/', 'address': '0xcca4e6302510d555b654b3eab9c0fcb223bcfdf0'}, {'platformName': 'TRON', 'platformKey': 'tron', 'platformSlug': 'tron', 'explorerUrl': 'https://tronscan.org/#/token20/', 'address': 'TEkxiTehnzSmSe2XqrBj4w32RUN966rdz8'}, {'platformName': 'Avalanche C-Chain', 'platformKey': 'avalanche', 'platformSlug': 'avalanche', 'explorerUrl': 'https://avascan.info/blockchain/c/token/', 'address': '0xB97EF9Ef8734C71904D8002F8b6Bc66Dd9c48a6E'}, {'platformName': 'Harmony', 'platformKey': 'harmony', 'platformSlug': 'harmony', 'explorerUrl': 'https://explorer.harmony.one/address/', 'address': '0x985458e523db3d53125813ed68c274899e9dfab4'}, {'platformName': 'Cronos', 'platformKey': 'crypto-com-cro', 'platformSlug': 'crypto-com-cro', 'explorerUrl': 'https://cronos.org/explorer/token/', 'address': '0xc21223249ca28397b4b6541dffaecc539bff0c59'}, {'platformName': 'KCC', 'platformKey': 'kucoin-shares', 'platformSlug': 'kucoin-shares', 'explorerUrl': 'https://explorer.kcc.io/en/token/', 'address': '0x980a5afef3d17ad98635f6c5aebcbaeded3c3430'}, {'platformName': 'Ronin', 'platformKey': 'ronin', 'platformSlug': 'ronin', 'explorerUrl': 'https://explorer.roninchain.com/token/', 'address': '0x0b7007c13325c48911f73a2dad5fa5dcbf808adc'}, {'platformName': 'Arbitrum', 'platformKey': 'arbitrum', 'platformSlug': 'arbitrum', 'explorerUrl': 'https://arbiscan.io/token/', 'address': '0xaf88d065e77c8cc2239327c5edb3a432268e5831'}, {'platformName': 'MultiversX', 'platformKey': 'elrond-gold', 'platformSlug': 'elrond-gold', 'explorerUrl': 'https://explorer.multiversx.com/tokens/', 'address': 'USDC-c76f1f'}, {'platformName': 'Velas', 'platformKey': 'velas', 'platformSlug': 'velas', 'explorerUrl': 'https://explorer.velas.com/address/', 'address': '0xe2c120f188ebd5389f71cf4d9c16d05b62a58993'}, {'platformName': 'Secret Network', 'platformKey': 'secret', 'platformSlug': 'secret', 'explorerUrl': 'https://www.mintscan.io/secret/assets', 'address': 'secret1h6z05y90gwm4sqxzhz4pkyp36cna9xtp7q0urv'}, {'platformName': 'Telos', 'platformKey': 'telos', 'platformSlug': 'telos', 'explorerUrl': 'https://www.teloscan.io/address/', 'address': '0x818ec0a7fe18ff94269904fced6ae3dae6d6dc0b'}, {'platformName': 'Aurora', 'platformKey': 'aurora-evm', 'platformSlug': 'aurora-evm', 'explorerUrl': 'https://aurorascan.dev/token/', 'address': '0xB12BFcA5A55806AaF64E99521918A4bf0fC40802'}, {'platformName': 'Oasis Network', 'platformKey': 'oasis-network', 'platformSlug': 'oasis-network', 'explorerUrl': 'https://explorer.emerald.oasis.dev/token/', 'address': '0x81ECac0D6Be0550A00FF064a4f9dd2400585FE9c'}, {'platformName': 'IoTeX', 'platformKey': 'iotex', 'platformSlug': 'iotex', 'explorerUrl': 'https://iotexscan.io/token/', 'address': 'io18v4l9dfr74xyu320pz4zsmgrz9d07vnvy20yrh'}, {'platformName': 'Metis Andromeda', 'platformKey': 'metisdao', 'platformSlug': 'metisdao', 'explorerUrl': 'https://andromeda-explorer.metis.io/token/', 'address': '0xea32a96608495e54156ae48931a7c20f0dcc1a21'}, {'platformName': 'Fuse Network', 'platformKey': 'fuse-network', 'platformSlug': 'fuse-network', 'explorerUrl': 'https://explorer.fuse.io/token/', 'address': '0x620fd5fa44be6af63715ef4e65ddfa0387ad13f5'}, {'platformName': 'OKC', 'platformKey': 'okexchain', 'platformSlug': 'okexchain', 'explorerUrl': 'https://www.oklink.com/en/okc/token/', 'address': '0xc946daf81b08146b1c7a8da2a851ddf2b3eaaf85'}, {'platformName': 'Wanchain', 'platformKey': 'wanchain', 'platformSlug': 'wanchain', 'explorerUrl': 'https://wanscan.org/token/', 'address': '0x52a9cea01c4cbdd669883e41758b8eb8e8e2b34b'}, {'platformName': 'Moonbeam', 'platformKey': 'glimmer', 'platformSlug': 'glimmer', 'explorerUrl': 'https://moonscan.io/token/', 'address': '0x818ec0a7fe18ff94269904fced6ae3dae6d6dc0b'}, {'platformName': 'Astar', 'platformKey': 'astar', 'platformSlug': 'astar', 'explorerUrl': 'https://astar.subscan.io/account/', 'address': '0x6a2d262d56735dba19dd70682b39f6be9a931d98'}, {'platformName': 'Optimism', 'platformKey': 'optimism', 'platformSlug': 'optimism', 'explorerUrl': 'https://optimistic.etherscan.io/token/', 'address': '0x0b2c639c533813f4aa9d7837caf62653d097ff85'}, {'platformName': 'Aptos', 'platformKey': 'aptos', 'platformSlug': 'aptos', 'explorerUrl': 'https://aptscan.ai/coins', 'address': '0xf22bede237a07e121b56d91a491eb7bcdfd1f5907926a9e58338f964a01b17fa::asset::USDC'}, {'platformName': 'zkSync Era', 'platformKey': 'zksync-era', 'platformSlug': 'zksync-era', 'explorerUrl': 'https://explorer.zksync.io/address/', 'address': '0x3355df6d4c9c3035724fd0e3914de96a5a83aaf4'}, {'platformName': 'Mantle', 'platformKey': 'mantle', 'platformSlug': 'mantle', 'explorerUrl': 'https://explorer.mantle.xyz/token/', 'address': '0x09bc4e0d864854c6afb6eb9a9cdf58ac190d0df9'}, {'platformName': 'Base', 'platformKey': 'base', 'platformSlug': 'base', 'explorerUrl': 'https://basescan.org/token/', 'address': '0x833589fcd6edb6e08f4c7c32d4f71b54bda02913'}, {'platformName': 'Near Protocol', 'platformKey': 'near-protocol', 'platformSlug': 'near-protocol', 'explorerUrl': 'https://nearblocks.io/token/', 'address': '17208628f84f5d6ad33f0da3bbbeb27ffcb398eac501a31bd6ad2011e36133a1'}, {'platformName': 'Hedera', 'platformKey': 'hedera', 'platformSlug': 'hedera', 'explorerUrl': 'https://hashscan.io/mainnet/token/', 'address': '0.0.456858'}, {'platformName': 'Conflux Network', 'platformKey': 'conflux-network', 'platformSlug': 'conflux-network', 'explorerUrl': 'https://evm.confluxscan.io/token/', 'address': '0x6963EfED0aB40F6C3d7BdA44A05dcf1437C44372'}, {'platformName': 'Polkadot', 'platformKey': 'polkadot', 'platformSlug': 'polkadot', 'explorerUrl': None, 'address': '1337'}, {'platformName': 'Starknet', 'platformKey': 'starknet', 'platformSlug': 'starknet', 'explorerUrl': 'https://starkscan.co/contract/', 'address': '0x53c91253bc9682c04929ca02ed00b3e423f6710d2ee7e0d5ebb06f3ecf368a8'}, {'platformName': 'Energi', 'platformKey': 'energi', 'platformSlug': 'energi', 'explorerUrl': 'https://explorer.energi.network/address/', 'address': '0xFFD7510ca0a3279c7a5F50018A26c21d5bc1DBcF'}, {'platformName': 'Flow', 'platformKey': 'flow', 'platformSlug': 'flow', 'explorerUrl': None, 'address': 'A.b19436aae4d94622.FiatToken'}, {'platformName': 'Omax', 'platformKey': 'omax', 'platformSlug': 'omax', 'explorerUrl': 'https://www.omaxray.com/token/', 'address': '0x540d90635a0C10CdD4D27fc8edCbf88c18DfB1eD'}, {'platformName': 'Cube', 'platformKey': 'cube', 'platformSlug': 'cube', 'explorerUrl': 'https://www.cubescan.link/#/newtokens', 'address': '0x00f0d8595797943c12605cd59bc0d9f63d750ccf'}, {'platformName': 'Scroll', 'platformKey': 'scroll', 'platformSlug': 'scroll', 'explorerUrl': 'https://blockscout.scroll.io/token/', 'address': '0x06eFdBFf2a14a7c8E15944D1F4A48F9F95F663A4'}, {'platformName': 'Manta', 'platformKey': 'manta', 'platformSlug': 'manta', 'explorerUrl': 'https://pacific-explorer.manta.network/tokens', 'address': '0xb73603C5d87fA094B7314C74ACE2e64D165016fb'}, {'platformName': 'Canto', 'platformKey': 'canto', 'platformSlug': 'canto', 'explorerUrl': 'https://canto.dex.guru/token', 'address': '0x80b5a32e4f032b2a058b4f29ec95eefeeb87adcd'}, {'platformName': 'Osmosis', 'platformKey': 'osmosis', 'platformSlug': 'osmosis', 'explorerUrl': None, 'address': 'ibc/498A0751C798A0D9A389AA3691123DADA57DAA4FE165D5C75894505B876BA6E4'}, {'platformName': 'Fantom', 'platformKey': 'fantom', 'platformSlug': 'fantom', 'explorerUrl': 'https://ftmscan.com/token/', 'address': '0x28a92dde19D9989F39A49905d7C9C2FAc7799bDf'}, {'platformName': 'WEMIX3.0', 'platformKey': 'wemix-3-0', 'platformSlug': 'wemix-3-0', 'explorerUrl': 'https://explorer.wemix.com/token/', 'address': '0xe3f5a90f9cb311505cd691a46596599aa1a0ad7d'}, {'platformName': 'Bifrost Network', 'platformKey': 'bifrost-network', 'platformSlug': 'bifrost-network', 'explorerUrl': 'https://explorer.mainnet.bifrostnetwork.com/token/', 'address': '0x640952e7984f2ecedead8fd97aa618ab1210a21c'}, {'platformName': 'Oasys', 'platformKey': 'oasys', 'platformSlug': 'oasys', 'explorerUrl': 'https://explorer.oasys.games/token/', 'address': '0xE1aB220E37AC55A4E2dD5Ba148298A9c09fBD716'}, {'platformName': 'SXnetwork', 'platformKey': 'sxnetwork', 'platformSlug': 'sxnetwork', 'explorerUrl': 'https://explorer.sx.technology/token/', 'address': '0xe2aa35C2039Bd0Ff196A6Ef99523CC0D3972ae3e'}, {'platformName': 'Hydra', 'platformKey': 'hydra', 'platformSlug': 'hydra', 'explorerUrl': 'https://explorer.hydrachain.org/contract/', 'address': 'e4b8164dccf3489f66124cace1570dc35b58fc90'}, {'platformName': 'Stellar', 'platformKey': 'stellar', 'platformSlug': 'stellar', 'explorerUrl': 'https://stellar.expert/explorer/public/asset/', 'address': 'USDC-GA5ZSEJYB37JRC5AVCIA5MOP4RHTM335X2KGX3IHOJAPP5RE34K4KZVN'}, {'platformName': 'Celo', 'platformKey': 'celo', 'platformSlug': 'celo', 'explorerUrl': 'https://explorer.celo.org/token/', 'address': '0xceba9300f2b948710d2653dd7b07f33a8b32118c'}, {'platformName': 'Stargaze', 'platformKey': 'stargaze', 'platformSlug': 'stargaze', 'explorerUrl': 'https://www.mintscan.io/stargaze/assets/', 'address': 'ibc/4A1C18CA7F50544760CF306189B810CE4C1CB156C7FC870143D401FE7280E591'}, {'platformName': 'Shiden', 'platformKey': 'shiden', 'platformSlug': 'shiden', 'explorerUrl': 'https://shiden.subscan.io/erc20_token/', 'address': '0xfa9343c3897324496a05fc75abed6bac29f8a40f'}, {'platformName': 'dYdX', 'platformKey': 'dydx', 'platformSlug': 'dydx', 'explorerUrl': 'https://www.mintscan.io/dydx/assets/', 'address': 'ibc/8E27BA2D5493AF5636760E354E46004562C46AB7EC0CC4C1CA14E9E20E2545B5'}, {'platformName': 'Mode', 'platformKey': 'mode', 'platformSlug': 'mode', 'explorerUrl': 'https://explorer.mode.network/token/', 'address': '0xd988097fb8612cc24eeC14542bC03424c656005f'}, {'platformName': 'Canxium', 'platformKey': 'canxium', 'platformSlug': 'canxium', 'explorerUrl': 'https://scan.canxium.org/token/', 'address': '0x275e916Ab1E93A6862a7b380751DdD87D6F66267'}, {'platformName': 'Sui', 'platformKey': 'sui', 'platformSlug': 'sui', 'explorerUrl': 'https://suiscan.xyz/mainnet/coin/', 'address': '0xdba34672e30cb065b1f93e3ab55318768fd6fef66c15942c9f7cb846e2f900e7::usdc::USDC'}, {'platformName': 'Unichain', 'platformKey': 'unichain', 'platformSlug': 'unichain', 'explorerUrl': 'https://uniscan.xyz/token', 'address': '0x078D782b760474a361dDA0AF3839290b0EF57AD6'}]",Stablecoin,37.0,"[283, 360]",,True,False,,False,2018-09-26T00:00:00.000Z,60943134546.76593,60947041089.0,60942872331.07541,11272403884.3947,False,6.0,6.0,8.0,7.0,7.0,7.0,7.0,8.0,7.0,8.0,60954468225.67094,2025-04-06,https://img.cryptorank.io/coins/60x60.usd coin1634317395959.png,https://img.cryptorank.io/coins/150x150.usd coin1634317395959.png,https://img.cryptorank.io/coins/icon.usd coin1634317395959.png,https://img.cryptorank.io/coins/usd coin1634317395959.png,0.000368,0.014029,1.292216
7.0,solana,Solana,True,SOL,coin,traded,,True,597983901.0,86.2,[],Chain,65.0,"[105, 374, 241, 378, 381, 277, 227]",,True,False,,True,2020-04-07T00:00:00.000Z,65139513552.85914,515472078.0,55981346717.78556,48288191.1218,False,7.0,5.0,5.0,6.0,6.0,6.0,6.0,6.0,6.0,6.0,142909031969.48904,2025-01-19,https://img.cryptorank.io/coins/60x60.solana1606979093056.png,https://img.cryptorank.io/coins/150x150.solana1606979093056.png,https://img.cryptorank.io/coins/icon.solana1606979093056.png,https://img.cryptorank.io/coins/solana1606979093056.png,0.004927,0.092886,293.648023
8.0,dogecoin,Dogecoin,False,DOGE,coin,traded,,True,148764826384.0,99.99,"[{'platformName': 'BNB', 'platformKey': 'bnb', 'platformSlug': 'bnb', 'explorerUrl': 'https://bscscan.com/token/', 'address': '0xba2ae424d960c26247dd6c32edc70b295c744c43'}]",Meme,59.0,"[236, 374, 227]",,True,False,,False,2013-12-15T14:42:00.000Z,22430301013.069607,148756436384.0,22373914191.96323,13311925387.0756,False,8.0,9.0,9.0,8.0,8.0,8.0,9.0,7.0,8.0,7.0,97105053154.79288,2021-05-08,https://img.cryptorank.io/coins/60x60.dogecoin1524754995294.png,https://img.cryptorank.io/coins/150x150.dogecoin1524754995294.png,https://img.cryptorank.io/coins/icon.dogecoin1524754995294.png,https://img.cryptorank.io/coins/dogecoin1524754995294.png,1.3e-05,0.00028,0.749827
9.0,tron,TRON,False,TRX,coin,traded,,False,94974540317.0,100.0,"[{'platformName': 'BNB', 'platformKey': 'bnb', 'platformSlug': 'bnb', 'explorerUrl': 'https://bscscan.com/token/', 'address': '0xce7de646e7208a4ef112cb6ed5038fa6cc6b12e3'}, {'platformName': 'Ethereum', 'platformKey': 'ethereum', 'platformSlug': 'ethereum', 'explorerUrl': 'https://etherscan.io/token/', 'address': '0x50327c6c5a14DCaDE707ABad2E27eB517df87AB5'}, {'platformName': 'Solana', 'platformKey': 'solana', 'platformSlug': 'solana', 'explorerUrl': 'https://solscan.io/token/', 'address': 'GbbesPbaYh5uiAZSYNXTc7w9jty1rpg3P9L4JeN4LkKc'}]",Chain,,"[105, 250, 380, 277, 227]",,True,False,,False,2017-09-13T01:15:00.000Z,22339096768.469658,94974481209.0,22335080743.71712,2315532721.452,False,9.0,10.0,17.0,10.0,10.0,10.0,10.0,11.0,10.0,11.0,37463322958.13195,2024-12-04,https://img.cryptorank.io/coins/60x60.tron1608810047161.png,https://img.cryptorank.io/coins/150x150.tron1608810047161.png,https://img.cryptorank.io/coins/icon.tron1608810047161.png,https://img.cryptorank.io/coins/tron1608810047161.png,2e-05,0.000526,0.434151
10.0,cardano,Cardano,True,ADA,coin,traded,45000000000.0,False,45000000000.0,79.99,"[{'platformName': 'BNB', 'platformKey': 'bnb', 'platformSlug': 'bnb', 'explorerUrl': 'https://bscscan.com/token/', 'address': '0x3ee2200efb3400fabb9aacf31297cbdd1d435d47'}, {'platformName': 'Velas', 'platformKey': 'velas', 'platformSlug': 'velas', 'explorerUrl': 'https://explorer.velas.com/address/', 'address': '0x3611fbfb06ffbcef9afb210f6ace86742e6c14a4'}, {'platformName': 'Cronos', 'platformKey': 'crypto-com-cro', 'platformSlug': 'crypto-com-cro', 'explorerUrl': 'https://cronos.org/explorer/token/', 'address': '0x0e517979c2c1c1522ddb0c73905e0d39b3f990c0'}, {'platformName': 'Cardano', 'platformKey': 'cardano', 'platformSlug': 'cardano', 'explorerUrl': 'https://cardanoscan.io/token/', 'address': '0xae83571000af4499798d1e3b0fa0070eb3a3e3f9'}]",Chain,65.0,"[105, 374, 241, 381, 277, 227]",,True,False,,False,2017-10-01T20:34:00.000Z,26357658466.68,35995957637.0,21022322148.75127,1687993003.9923,False,10.0,12.0,11.0,9.0,9.0,9.0,8.0,9.0,9.0,9.0,98912493058.838,2021-09-02,https://img.cryptorank.io/coins/60x60.cardano1524754132195.png,https://img.cryptorank.io/coins/150x150.cardano1524754132195.png,https://img.cryptorank.io/coins/icon.cardano1524754132195.png,https://img.cryptorank.io/coins/cardano1524754132195.png,8.7e-05,0.001399,3.084616
11.0,lido-staked-ether,Lido Staked Ether,False,stETH,token,traded,,True,9388779.0,100.0,"[{'platformName': 'Ethereum', 'platformKey': 'ethereum', 'platformSlug': 'ethereum', 'explorerUrl': 'https://etherscan.io/token/', 'address': '0xae7ab96520de3a18e5e111b5eaab095312d7fe84'}]",,,"[272, 217, 144]",,True,False,,False,2021-12-21T10:22:00.000Z,14691240942.250843,9388779.0,14704634250.042946,15224.8775,False,11.0,8.0,6.0,11.0,11.0,11.0,11.0,10.0,11.0,10.0,40369316358.47387,2024-03-12,https://img.cryptorank.io/coins/60x60.lido_staked_ether1706874112344.png,https://img.cryptorank.io/coins/150x150.lido_staked_ether1706874112344.png,https://img.cryptorank.io/coins/icon.lido_staked_ether1706874112344.png,https://img.cryptorank.io/coins/lido_staked_ether1706874112344.png,0.093383,1.167672,4118.583561
12.0,wrapped-bitcoin,Wrapped Bitcoin,False,WBTC,token,traded,129138.0,False,128915.0,99.83,"[{'platformName': 'Ethereum', 'platformKey': 'ethereum', 'platformSlug': 'ethereum', 'explorerUrl': 'https://etherscan.io/token/', 'address': '0x2260fac5e5542a773aa44fbcfedf7c193bc2c599'}, {'platformName': 'Polygon', 'platformKey': 'matic-network', 'platformSlug': 'matic-network', 'explorerUrl': 'https://polygonscan.com/token/', 'address': '0x1bfd67037b42cf73acf2047067bd4f2c47d9bfd6'}, {'platformName': 'Harmony', 'platformKey': 'harmony', 'platformSlug': 'harmony', 'explorerUrl': 'https://explorer.harmony.one/address/', 'address': '0x3095c7557bcb296ccc6e363de01b760ba031f2d9'}, {'platformName': 'Viction (TomoChain)', 'platformKey': 'tomochain', 'platformSlug': 'tomochain', 'explorerUrl': 'https://tomoscan.io/token/', 'address': '0x503b2ddc059b81788fd1239561596614b27faade'}, {'platformName': 'Gnosis Chain', 'platformKey': 'xdaistable', 'platformSlug': 'xdaistable', 'explorerUrl': 'https://gnosisscan.io/token/', 'address': '0x8e5bbbb09ed1ebde8674cda39a0c169401db4252'}, {'platformName': 'Avalanche C-Chain', 'platformKey': 'avalanche', 'platformSlug': 'avalanche', 'explorerUrl': 'https://avascan.info/blockchain/c/token/', 'address': '0x408d4cd0adb7cebd1f1a1c33a0ba2098e1295bab'}, {'platformName': 'Arbitrum', 'platformKey': 'arbitrum', 'platformSlug': 'arbitrum', 'explorerUrl': 'https://arbiscan.io/token/', 'address': '0x2f2a2543b76a4166549f7aab2e75bef0aefc5b0f'}, {'platformName': 'Cronos', 'platformKey': 'crypto-com-cro', 'platformSlug': 'crypto-com-cro', 'explorerUrl': 'https://cronos.org/explorer/token/', 'address': '0x062E66477Faf219F25D27dCED647BF57C3107d52'}, {'platformName': 'IoTeX', 'platformKey': 'iotex', 'platformSlug': 'iotex', 'explorerUrl': 'https://iotexscan.io/token/', 'address': 'io1c7unwg8h8vph89xwqru4f7zfa4yy5002wxvlrm'}, {'platformName': 'Aurora', 'platformKey': 'aurora-evm', 'platformSlug': 'aurora-evm', 'explorerUrl': 'https://aurorascan.dev/token/', 'address': '0xF4eB217Ba2454613b15dBdea6e5f22276410e89e'}, {'platformName': 'Metis Andromeda', 'platformKey': 'metisdao', 'platformSlug': 'metisdao', 'explorerUrl': 'https://andromeda-explorer.metis.io/token/', 'address': '0xa5B55ab1dAF0F8e1EFc0eB1931a957fd89B918f4'}, {'platformName': 'Solana', 'platformKey': 'solana', 'platformSlug': 'solana', 'explorerUrl': 'https://solscan.io/token/', 'address': '3NZ9JMVBmGAqocybic2c7LQCJScmgsAZ6vQqTDzcqmJh'}, {'platformName': 'Velas', 'platformKey': 'velas', 'platformSlug': 'velas', 'explorerUrl': 'https://explorer.velas.com/address/', 'address': '0x313dbD8e65C6499dE939e5317cA97Ccc6eD4c621'}, {'platformName': 'Everscale', 'platformKey': 'everscale', 'platformSlug': 'everscale', 'explorerUrl': 'https://everscan.io/tokens', 'address': '0:2ba32b75870d572e255809b7b423f30f36dd5dea075bd5f026863fceb81f2bcf'}, {'platformName': 'PulseChain', 'platformKey': 'pulsechain', 'platformSlug': 'pulsechain', 'explorerUrl': 'https://scan.pulsechain.com/token/', 'address': '0xb17d901469b9208b17d916112988a3fed19b5ca1'}, {'platformName': 'Polygon zkEVM', 'platformKey': 'polygon-zkevm', 'platformSlug': 'polygon-zkevm', 'explorerUrl': 'https://zkevm.polygonscan.com/token/', 'address': '0xEA034fb02eB1808C2cc3adbC15f447B93CbE08e1'}, {'platformName': 'Optimism', 'platformKey': 'optimism', 'platformSlug': 'optimism', 'explorerUrl': 'https://optimistic.etherscan.io/token/', 'address': '0x68f180fcCe6836688e9084f035309E29Bf0A2095'}, {'platformName': 'Zilliqa', 'platformKey': 'zilliqa', 'platformSlug': 'zilliqa', 'explorerUrl': 'https://viewblock.io/zilliqa/address/', 'address': 'zil1wha8mzaxhm22dpm5cav2tepuldnr8kwkvmqtjq'}, {'platformName': 'Moonbeam', 'platformKey': 'glimmer', 'platformSlug': 'glimmer', 'explorerUrl': 'https://moonscan.io/token/', 'address': '0xE57eBd2d67B462E9926e04a8e33f01cD0D64346D'}, {'platformName': 'Telos', 'platformKey': 'telos', 'platformSlug': 'telos', 'explorerUrl': 'https://www.teloscan.io/address/', 'address': '0xf390830df829cf22c53c8840554b98eafc5dcbc2'}, {'platformName': 'Moonriver', 'platformKey': 'moonriver', 'platformSlug': 'moonriver', 'explorerUrl': 'https://moonriver.moonscan.io/token/', 'address': '0x78F811A431D248c1EDcF6d95ec8551879B2897C3'}, {'platformName': 'KCC', 'platformKey': 'kucoin-shares', 'platformSlug': 'kucoin-shares', 'explorerUrl': 'https://explorer.kcc.io/en/token/', 'address': '0xfa93c12cd345c658bc4644d1d4e1b9615952258c'}, {'platformName': 'Near Protocol', 'platformKey': 'near-protocol', 'platformSlug': 'near-protocol', 'explorerUrl': 'https://nearblocks.io/token/', 'address': '2260fac5e5542a773aa44fbcfedf7c193bc2c599.factory.bridge.near'}, {'platformName': 'Conflux Network', 'platformKey': 'conflux-network', 'platformSlug': 'conflux-network', 'explorerUrl': 'https://evm.confluxscan.io/token/', 'address': '0x1f545487c62e5acfea45dcadd9c627361d1616d8'}, {'platformName': 'Waves', 'platformKey': 'waves', 'platformSlug': 'waves', 'explorerUrl': 'https://wavesexplorer.com/assets/', 'address': '8LQW8f7P5d5PZM7GtZEBgaqRPGSzS3DfPuiXrURJ4AJS'}, {'platformName': 'TON', 'platformKey': 'ton', 'platformSlug': 'ton', 'explorerUrl': 'https://tonscan.org/jetton/', 'address': 'EQDcBkGHmC4pTf34x3Gm05XvepO5w60DNxZ-XT4I6-UGG5L5'}, {'platformName': 'Sui', 'platformKey': 'sui', 'platformSlug': 'sui', 'explorerUrl': 'https://suiscan.xyz/mainnet/coin/', 'address': '0x027792d9fed7f9844eb4839566001bb6f6cb4804f66aa2da6fe1ee242d896881::coin::COIN'}, {'platformName': 'zkSync Era', 'platformKey': 'zksync-era', 'platformSlug': 'zksync-era', 'explorerUrl': 'https://explorer.zksync.io/address/', 'address': '0xbbeb516fb02a01611cbbe0453fe3c580d7281011'}, {'platformName': 'Starknet', 'platformKey': 'starknet', 'platformSlug': 'starknet', 'explorerUrl': 'https://starkscan.co/contract/', 'address': '0x3fe2b97c1fd336e750087d68b9b867997fd64a2661ff3ca5a7c771641e8e7ac'}, {'platformName': 'Mantle', 'platformKey': 'mantle', 'platformSlug': 'mantle', 'explorerUrl': 'https://explorer.mantle.xyz/token/', 'address': '0xcabae6f6ea1ecab08ad02fe02ce9a44f09aebfa2'}, {'platformName': 'Scroll', 'platformKey': 'scroll', 'platformSlug': 'scroll', 'explorerUrl': 'https://blockscout.scroll.io/token/', 'address': '0x3C1BCa5a656e69edCD0D4E36BEbb3FcDAcA60Cf1'}, {'platformName': 'Merlin', 'platformKey': 'merlin', 'platformSlug': 'merlin', 'explorerUrl': 'https://scan.merlinchain.io/token/', 'address': '0xF6D226f9Dc15d9bB51182815b320D3fBE324e1bA'}, {'platformName': 'Mode', 'platformKey': 'mode', 'platformSlug': 'mode', 'explorerUrl': 'https://explorer.mode.network/token/', 'address': '0xcDd475325D6F564d27247D1DddBb0DAc6fA0a5CF'}, {'platformName': 'Linea', 'platformKey': 'linea', 'platformSlug': 'linea', 'explorerUrl': 'https://lineascan.build/token/', 'address': '0x3aAB2285ddcDdaD8edf438C1bAB47e1a9D05a9b4'}, {'platformName': 'Skale', 'platformKey': 'skale', 'platformSlug': 'skale', 'explorerUrl': None, 'address': '0xcb011e86df014a46f4e3ac3f3cbb114a4eb80870'}, {'platformName': 'Berachain', 'platformKey': 'berachain', 'platformSlug': 'berachain', 'explorerUrl': 'https://berascan.com/token', 'address': '0x0555E30da8f98308EdB960aa94C0Db47230d2B9c'}, {'platformName': 'Sei', 'platformKey': 'sei', 'platformSlug': 'sei', 'explorerUrl': 'https://seitrace.com/token/', 'address': '0x0555E30da8f98308EdB960aa94C0Db47230d2B9c'}, {'platformName': 'Zircuit', 'platformKey': 'zircuit', 'platformSlug': 'zircuit', 'explorerUrl': 'https://explorer.zircuit.com/address/', 'address': '0x19df5689Cfce64bC2A55F7220B0Cd522659955EF'}]",,,[217],,True,False,,False,2019-04-28T13:28:00.000Z,10175395473.625671,128915.0,10177217453.069708,7658.9417,False,14.0,16.0,16.0,14.0,14.0,13.0,13.0,19.0,14.0,19.0,16532902059.456911,2021-11-10,https://img.cryptorank.io/coins/60x60.wrapped bitcoin1628063974037.png,https://img.cryptorank.io/coins/150x150.wrapped bitcoin1628063974037.png,https://img.cryptorank.io/coins/icon.wrapped bitcoin1628063974037.png,https://img.cryptorank.io/coins/wrapped bitcoin1628063974037.png,1.832613,74.052518,108278.449385
13.0,leobitfinex,UNUS SED LEO,False,LEO,token,traded,1000000000.0,False,985239504.0,92.38,"[{'platformName': 'Ethereum', 'platformKey': 'ethereum', 'platformSlug': 'ethereum', 'explorerUrl': 'https://etherscan.io/token/', 'address': '0x2af5d2ad76741191d15dfe7bf6ac92d4bd912ca3'}, {'platformName': 'SORA', 'platformKey': 'sora', 'platformSlug': 'sora', 'explorerUrl': None, 'address': '0x009e199267a6a2c8ae075bb8d4c40ee8d05c1b769085ee59ce98e50c2b2d8756'}]",CeFi,63.0,"[115, 321]",,True,False,,True,2019-05-20T00:00:00.000Z,8847212181.239332,923755999.0,8297749338.986898,742756.8129,False,16.0,22.0,25.0,17.0,17.0,18.0,15.0,25.0,18.0,24.0,9243757363.18434,2025-03-03,https://img.cryptorank.io/coins/60x60.unus_sed_leo1732534033854.png,https://img.cryptorank.io/coins/150x150.unus_sed_leo1732534033854.png,https://img.cryptorank.io/coins/icon.unus_sed_leo1732534033854.png,https://img.cryptorank.io/coins/unus_sed_leo1732534033854.png,0.00032,0.010368,10.00393
14.0,toncoin,Toncoin,True,TON,coin,traded,,True,5126695658.0,48.24,"[{'platformName': 'Ethereum', 'platformKey': 'ethereum', 'platformSlug': 'ethereum', 'explorerUrl': 'https://etherscan.io/token/', 'address': '0x582d872a1b094fc48f5de31d3b73f2d9be47def1'}, {'platformName': 'BNB', 'platformKey': 'bnb', 'platformSlug': 'bnb', 'explorerUrl': 'https://bscscan.com/token/', 'address': '0x76A797A59Ba2C17726896976B7B3747BfD1d220f'}, {'platformName': 'TON', 'platformKey': 'ton', 'platformSlug': 'ton', 'explorerUrl': 'https://tonscan.org/jetton/', 'address': 'EQAAAAAAAAAAAAAAAAAAAAAAAAAAAAAAAAAAAAAAAAAAAM9c'}]",Chain,65.0,"[241, 277, 227]",,True,False,,False,2021-08-27T00:00:00.000Z,16060765310.680506,2473358811.0,7723703507.093627,77272256.2565,False,17.0,11.0,10.0,15.0,15.0,15.0,26.0,14.0,20.0,15.0,26498030206.094337,2024-04-11,https://img.cryptorank.io/coins/60x60.toncoin1732533613281.png,https://img.cryptorank.io/coins/150x150.toncoin1732533613281.png,https://img.cryptorank.io/coins/icon.toncoin1732533613281.png,https://img.cryptorank.io/coins/toncoin1732533613281.png,0.000194,0.007287,8.262539
15.0,chainlink,ChainLink,False,LINK,token,traded,1000000000.0,False,1000000000.0,63.81,"[{'platformName': 'Ethereum', 'platformKey': 'ethereum', 'platformSlug': 'ethereum', 'explorerUrl': 'https://etherscan.io/token/', 'address': '0x514910771af9ca656af840dff83e8264ecf986ca'}, {'platformName': 'Arbitrum', 'platformKey': 'arbitrum', 'platformSlug': 'arbitrum', 'explorerUrl': 'https://arbiscan.io/token/', 'address': '0xf97f4df75117a78c1a5a0dbb814af92458539fb4'}, {'platformName': 'BNB', 'platformKey': 'bnb', 'platformSlug': 'bnb', 'explorerUrl': 'https://bscscan.com/token/', 'address': '0xf8a0bf9cf54bb92f17374d9e9a321e6a111a51bd'}, {'platformName': 'Fantom', 'platformKey': 'fantom', 'platformSlug': 'fantom', 'explorerUrl': 'https://ftmscan.com/token/', 'address': '0xb3654dc3D10Ea7645f8319668E8F54d2574FBdC8'}, {'platformName': 'Polygon', 'platformKey': 'matic-network', 'platformSlug': 'matic-network', 'explorerUrl': 'https://polygonscan.com/token/', 'address': '0x53e0bca35ec356bd5dddfebbd1fc0fd03fabad39'}, {'platformName': 'Avalanche C-Chain', 'platformKey': 'avalanche', 'platformSlug': 'avalanche', 'explorerUrl': 'https://avascan.info/blockchain/c/token/', 'address': '0x5947BB275c521040051D82396192181b413227A3'}, {'platformName': 'Optimism', 'platformKey': 'optimism', 'platformSlug': 'optimism', 'explorerUrl': 'https://optimistic.etherscan.io/token/', 'address': '0x350a791bfc2c21f9ed5d10980dad2e2638ffa7f6'}, {'platformName': 'HECO Chain', 'platformKey': 'huobi-token', 'platformSlug': 'huobi-token', 'explorerUrl': 'https://www.hecoinfo.com/en-us/token/', 'address': '0x9e004545c59d359f6b7bfb06a26390b087717b42'}, {'platformName': 'Harmony', 'platformKey': 'harmony', 'platformSlug': 'harmony', 'explorerUrl': 'https://explorer.harmony.one/address/', 'address': '0x218532a12a389a4a92fC0C5Fb22901D1c19198aA'}, {'platformName': 'Moonriver', 'platformKey': 'moonriver', 'platformSlug': 'moonriver', 'explorerUrl': 'https://moonriver.moonscan.io/token/', 'address': '0x8b12Ac23BFe11cAb03a634C1F117D64a7f2cFD3e'}, {'platformName': 'Moonbeam', 'platformKey': 'glimmer', 'platformSlug': 'glimmer', 'explorerUrl': 'https://moonscan.io/token/', 'address': '0x012414A392F9FA442a3109f1320c439C45518aC3'}, {'platformName': 'Near Protocol', 'platformKey': 'near-protocol', 'platformSlug': 'near-protocol', 'explorerUrl': 'https://nearblocks.io/token/', 'address': '514910771af9ca656af840dff83e8264ecf986ca.factory.bridge.near'}, {'platformName': 'Gnosis Chain', 'platformKey': 'xdaistable', 'platformSlug': 'xdaistable', 'explorerUrl': 'https://gnosisscan.io/token/', 'address': '0xE2e73A1c69ecF83F464EFCE6A5be353a37cA09b2'}, {'platformName': 'SORA', 'platformKey': 'sora', 'platformSlug': 'sora', 'explorerUrl': None, 'address': '0x008484148dcf23d1b48908393e7a00d5fdc3bf81029a73eeca62a15ebfb1205a'}, {'platformName': 'Energi', 'platformKey': 'energi', 'platformSlug': 'energi', 'explorerUrl': 'https://explorer.energi.network/address/', 'address': '0x68Ca48cA2626c415A89756471D4ADe2CC9034008'}]",Blockchain Infrastructure,44.0,"[37, 374, 380, 378, 381]",,True,False,,False,2017-09-20T00:00:00.000Z,11609539223.049,638099971.0,7399123026.37195,40938855.7728,False,18.0,18.0,18.0,16.0,16.0,16.0,16.0,15.0,15.0,17.0,22447521150.68185,2021-05-10,https://img.cryptorank.io/coins/60x60.chainlink1541078222348.png,https://img.cryptorank.io/coins/150x150.chainlink1541078222348.png,https://img.cryptorank.io/coins/icon.chainlink1541078222348.png,https://img.cryptorank.io/coins/chainlink1541078222348.png,0.001674,0.046568,52.81651
16.0,stellar,Stellar,True,XLM,coin,traded,50001786911.0,False,50001786911.0,61.57,[],Chain,65.0,"[105, 374, 17, 381, 227]",,True,False,,False,2014-08-05T05:44:00.000Z,11470282391.876028,30787193643.0,7052249719.792604,1028385039.4039,False,19.0,38.0,37.0,19.0,19.0,19.0,20.0,16.0,17.0,16.0,18676923624.55281,2021-05-16,https://img.cryptorank.io/coins/60x60.stellar1645006520371.png,https://img.cryptorank.io/coins/150x150.stellar1645006520371.png,https://img.cryptorank.io/coins/icon.stellar1645006520371.png,https://img.cryptorank.io/coins/stellar1645006520371.png,6.2e-05,0.004688,0.938144
17.0,avalanche,Avalanche,True,AVAX,coin,traded,720000000.0,False,452187412.0,57.71,"[{'platformName': 'BNB', 'platformKey': 'bnb', 'platformSlug': 'bnb', 'explorerUrl': 'https://bscscan.com/token/', 'address': '0x1CE0c2827e2eF14D5C4f29a091d735A204794041'}, {'platformName': 'Moonbeam', 'platformKey': 'glimmer', 'platformSlug': 'glimmer', 'explorerUrl': 'https://moonscan.io/token/', 'address': '0x4792c1ecb969b036eb51330c63bd27899a13d84e'}, {'platformName': 'Moonriver', 'platformKey': 'moonriver', 'platformSlug': 'moonriver', 'explorerUrl': 'https://moonriver.moonscan.io/token/', 'address': '0x14a0243C333A5b238143068dC3A7323Ba4C30ECB'}, {'platformName': 'Polygon', 'platformKey': 'matic-network', 'platformSlug': 'matic-network', 'explorerUrl': 'https://polygonscan.com/token/', 'address': '0x2C89bbc92BD86F8075d1DEcc58C7F4E0107f286b'}, {'platformName': 'Cardano', 'platformKey': 'cardano', 'platformSlug': 'cardano', 'explorerUrl': 'https://cardanoscan.io/token/', 'address': '0x65e66a61D0a8F1e686C2D6083ad611a10D84D97A'}, {'platformName': 'zkSync Era', 'platformKey': 'zksync-era', 'platformSlug': 'zksync-era', 'explorerUrl': 'https://explorer.zksync.io/address/', 'address': '0x6a5279e99ca7786fb13f827fc1fb4f61684933d6'}, {'platformName': 'Klaytn ', 'platformKey': 'klaytn', 'platformSlug': 'klaytn', 'explorerUrl': 'https://scope.klaytn.com/token/', 'address': '0xcd8fe44a29db9159db36f96570d7a4d91986f528'}]",Chain,65.0,"[105, 374, 381, 267, 227, 307]",,True,False,,True,2020-09-21T00:00:00.000Z,7663707754.809427,415517936.0,7016947588.909264,26170475.6957,False,20.0,13.0,12.0,21.0,21.0,21.0,21.0,12.0,16.0,12.0,32383507362.92151,2021-11-22,https://img.cryptorank.io/coins/60x60.avalanche1629705441155.png,https://img.cryptorank.io/coins/150x150.avalanche1629705441155.png,https://img.cryptorank.io/coins/icon.avalanche1629705441155.png,https://img.cryptorank.io/coins/avalanche1629705441155.png,0.00258,0.047533,145.853132
18.0,sui,Sui,True,SUI,coin,traded,10000000000.0,False,10000000000.0,32.5,"[{'platformName': 'Sui', 'platformKey': 'sui', 'platformSlug': 'sui', 'explorerUrl': 'https://suiscan.xyz/mainnet/coin/', 'address': '0x2::sui::SUI'}]",Chain,65.0,"[4, 105, 241, 378, 381, 227, 18]",,True,False,,True,2023-05-03T00:00:00.000Z,20411345628.92,3249982900.0,6612716414.330685,717577696.2398,False,23.0,23.0,58.0,22.0,22.0,23.0,22.0,17.0,24.0,13.0,16086944478.713375,2025-01-04,https://img.cryptorank.io/coins/60x60.sui1683272105699.png,https://img.cryptorank.io/coins/150x150.sui1683272105699.png,https://img.cryptorank.io/coins/icon.sui1683272105699.png,https://img.cryptorank.io/coins/sui1683272105699.png,5.7e-05,0.001593,5.345265
19.0,hedera-hashgraph,Hedera,True,HBAR,coin,traded,50000000000.0,False,50000000000.0,84.46,[],Chain,65.0,"[105, 241, 381, 227, 307]",,True,False,,False,2019-09-17T04:33:00.000Z,7847687684.05,42228651557.0,6611952566.317852,2996273374.3612,False,24.0,50.0,39.0,24.0,24.0,24.0,18.0,20.0,22.0,20.0,15263906907.066347,2025-01-17,https://img.cryptorank.io/coins/60x60.hedera1645006006928.png,https://img.cryptorank.io/coins/150x150.hedera1645006006928.png,https://img.cryptorank.io/coins/icon.hedera1645006006928.png,https://img.cryptorank.io/coins/hedera1645006006928.png,4.4e-05,0.002244,0.567002
20.0,shiba-inu,SHIBA INU,False,SHIB,token,traded,,False,589504651912209.0,99.96,"[{'platformName': 'Ethereum', 'platformKey': 'ethereum', 'platformSlug': 'ethereum', 'explorerUrl': 'https://etherscan.io/token/', 'address': '0x95ad61b0a150d79219dcf64e1e6cc01f0b64c4ce'}, {'platformName': 'BNB', 'platformKey': 'bnb', 'platformSlug': 'bnb', 'explorerUrl': 'https://bscscan.com/token/', 'address': '0x2859e4544c4bb03966803b044a93563bd2d0dd4d'}, {'platformName': 'ThunderCore', 'platformKey': 'thundercore', 'platformSlug': 'thundercore', 'explorerUrl': 'https://explorer-mainnet.thundercore.com/token/', 'address': '0x76A878AdeA36c8Eb640e3022003c6A67ab39AD7B'}]",Meme,59.0,[374],,True,False,,False,2021-04-27T06:29:00.000Z,6610433994.403632,589250612370417.0,6600423559.897415,19379273629190.527,False,22.0,14.0,13.0,23.0,23.0,22.0,25.0,18.0,23.0,18.0,43561414199.49217,2021-10-28,https://img.cryptorank.io/coins/60x60.shiba_inu1716276244699.png,https://img.cryptorank.io/coins/150x150.shiba_inu1716276244699.png,https://img.cryptorank.io/coins/icon.shiba_inu1716276244699.png,https://img.cryptorank.io/coins/shiba_inu1716276244699.png,0.0,0.0,8.8e-05
21.0,mantra-dao,MANTRA,True,OM,token,traded,,True,1815289256.0,53.22,"[{'platformName': 'Ethereum', 'platformKey': 'ethereum', 'platformSlug': 'ethereum', 'explorerUrl': 'https://etherscan.io/token/', 'address': '0x3593d125a4f7849a1b059e64f4517a86dd60c95d'}, {'platformName': 'Polygon', 'platformKey': 'matic-network', 'platformSlug': 'matic-network', 'explorerUrl': 'https://polygonscan.com/token/', 'address': '0xc3ec80343d2bae2f8e680fdadde7c17e71e114ea'}, {'platformName': 'BNB', 'platformKey': 'bnb', 'platformSlug': 'bnb', 'explorerUrl': 'https://bscscan.com/token/', 'address': '0xf78d2e7936f5fe18308a3b2951a93b6c4a41f5e2'}, {'platformName': 'Base', 'platformKey': 'base', 'platformSlug': 'base', 'explorerUrl': 'https://basescan.org/token/', 'address': '0x3992B27dA26848C2b19CeA6Fd25ad5568B68AB98'}]",Chain,65.0,"[26, 118, 244, 227]",,True,False,,True,2024-10-23T00:00:00.000Z,11400508962.779408,966084582.0,6054568791.275888,16553373.8545,False,25.0,70.0,156.0,27.0,27.0,26.0,28.0,44.0,27.0,41.0,8762978449.62949,2025-02-23,https://img.cryptorank.io/coins/60x60.mantra1710835985212.png,https://img.cryptorank.io/coins/150x150.mantra1710835985212.png,https://img.cryptorank.io/coins/icon.mantra1710835985212.png,https://img.cryptorank.io/coins/mantra1710835985212.png,9.4e-05,0.004121,9.002032
22.0,bitcoin-cash,Bitcoin Cash,False,BCH,coin,traded,21000000.0,False,21000000.0,94.54,"[{'platformName': 'BNB', 'platformKey': 'bnb', 'platformSlug': 'bnb', 'explorerUrl': 'https://bscscan.com/token/', 'address': '0x8fF795a6F4D97E7887C79beA79aba5cc76444aDf'}, {'platformName': 'HECO Chain', 'platformKey': 'huobi-token', 'platformSlug': 'huobi-token', 'explorerUrl': 'https://www.hecoinfo.com/en-us/token/', 'address': '0xef3cebd77e0c52cb6f60875d9306397b5caca375'}, {'platformName': 'smartBCH', 'platformKey': 'smartbch', 'platformSlug': 'smartbch', 'explorerUrl': 'https://smartscout.cash/token/', 'address': '0x0000000000000000000000000000000000002711'}]",Currency,38.0,"[236, 227, 374]",,True,False,,False,2017-07-23T16:29:00.000Z,5883666885.49038,19853097.0,5565581338.128758,361243.2144,False,26.0,19.0,14.0,28.0,28.0,28.0,24.0,23.0,28.0,23.0,73464988121.44,2017-12-20,https://img.cryptorank.io/coins/60x60.bitcoin_cash1688206403591.png,https://img.cryptorank.io/coins/150x150.bitcoin_cash1688206403591.png,https://img.cryptorank.io/coins/icon.bitcoin_cash1688206403591.png,https://img.cryptorank.io/coins/bitcoin_cash1688206403591.png,0.431859,8.181855,4355.62
